ID,Manba (bo'lim / PDF sahifasi),Talab,Turi (majburiy / ixtiyoriy / kelishilmagan),"Dalil (URL, kod yoki hujjat; dalil darajasi)",Status,Test natijasi,Nima qilish kerak,Ustuvorlik / reliz,Mas'ul,Qabul mezoni
TZ-001,DOCX §1 (Языковые версии); §2; §4,"Sayt RU, UZ va EN tillarida ishlaydi",Majburiy (qoralama TZ),"[D2] sitemapda 39 URL: 13 sahifa turi × 3 til; UZ ildizda, RU /ru/, EN /en/. [D3] site:verolex.uz/en so'rovida EN natija chiqmadi",QISMAN BAJARILGAN,P-02 (D2): 36/39 URL HTTP 200; L-01 BLOCKED,Uch tilli tuzilmani saqlash. Tarjimalarni ona tilida so'zlashuvchi muharrir tekshiradi. EN sahifalarning indekslanishini GSC orqali ko'rish (SEO-021),P2,VeroLex kontent mas'uli; SEO ijrochisi,Har sahifa turi 3 tilda HTTP 200 beradi; tarjimalar muharrir tasdiqlagan ro'yxatda; GSC'da EN sahifalar indeksda
TZ-002,DOCX §4 (1-band),"Menyu, formalar, bildirishnomalar, metadata va yordamchi (aria/alt) matnlar to'liq lokalizatsiya qilingan",Majburiy (qoralama TZ),"[D2] EN formada inglizcha xato xabari bor; RU/EN sahifalarda o'zbekcha aria/alt bor (masalan, Til tanlash, Adolat tarozisi); email til bo'yicha farq qiladi (TZ-020)",QISMAN BAJARILGAN,P-06 PASS; P-10 FAIL (D2); L-18 BLOCKED,"Barcha aria-label, alt, title, placeholder, forma xabarlari va cookie/maxfiylik matnlarini 3 tilli lug'atga chiqarib to'ldirish",P2,Dasturchi; VeroLex kontent mas'uli,L-18: RU/EN sahifalarda o'zbekcha yordamchi matn qolmagan; forma xabarlari 3 tilda
TZ-003,DOCX §4 (2-band),Har sahifa headerida til almashtirgich bor va u mos sahifaga o'tkazadi,Majburiy (qoralama TZ),"[D2] bosh sahifada UZ→RU→EN, blogda UZ→RU ishladi",QISMAN BAJARILGAN,P-05 (D2) qisman PASS; L-13 BLOCKED,"13 sahifa turida ham, mobil menyuda ham tekshirish; ichki sahifadan boshqa tilning shu sahifasiga o'tishni ta'minlash",P2,QA; Dasturchi,"L-13: barcha sahifa turlarida UZ→RU→EN→UZ mos URLga o'tadi; back, forward va reloaddan keyin til saqlanadi"
TZ-004,DOCX §4 (3-band),"URL til versiyasini ko'rsatadi (DOCXdagi misol: /ru/, /uz/, /en/)",Majburiy (qoralama TZ),"[D2] UZ ildizda, RU /ru/, EN /en/",BAJARILGAN,P-02 (D2),"O'zgartirish shart emas. DOCXdagi /uz/ faqat misol (“например”), shuning uchun UZni /uz/ ga ko'chirish tavsiya etilmaydi",—,—,Mavjud sxema saqlanadi; yangi bo'limlar shu sxemaga moslanadi
TZ-005,DOCX §4 (4-band); §6.1,Har tildagi kontentni alohida tahrirlash va nashr qilish mumkin; material hamma tilda bir vaqtda chiqmasligi mumkin,Majburiy (qoralama TZ),[D0] admin panel ko'rilmadi,TEKSHIRILMADI,L-24 BLOCKED,Admin demo yoki test kirishi orqali tekshirish; yangi modullarga har til uchun alohida nashr holatini qo'shish,P1 (tekshiruv),Dasturchi; VeroLex rahbariyati,"Bir tilda draft, boshqasida published bo'lishi mumkin; tarjimasi yo'q sahifa hreflang va sitemapga chiqmaydi"
TZ-006,DOCX §4 (5-band),Brauzer yoki region bo'yicha avtomatik til aniqlash,Ixtiyoriy,[D0],TEKSHIRILMADI,—,"Ixtiyoriy. Qilinsa, majburiy redirect emas, faqat birinchi tashrifda taklif ko'rinishida; botlar uchun redirect bo'lmaydi",P3,Dasturchi,Foydalanuvchi tanlovi eslab qolinadi; qidiruv boti har til URLini redirectsiz oladi
TZ-007,DOCX §5 (Главная),Bosh sahifada oxirgi yangiliklar/Legal Alerts bloki,Majburiy (qoralama TZ),[D2] yangiliklar moduli kuzatilmadi; blog 18 ta FAQ'dan iborat,BAJARILMAGAN,P-07 (D2),TZ-015 moduli tayyor bo'lgach 3 ta oxirgi material bloki qo'shiladi; material bo'lmasa blok chiqmaydi,Reliz-4,Dasturchi,Blokda faqat nashr qilingan materiallar; bo'sh holatda blok yashiriladi
TZ-008,"DOCX §5 (Главная, Контакты); §6.1",Bosh sahifa va aloqa sahifasida ariza/aloqa formasi bor,Majburiy (qoralama TZ),[D2] EN bosh sahifadagi formada bo'sh yuborishda “Please enter your name and phone number.” chiqdi,QISMAN BAJARILGAN,P-06 (D2) PASS; L-15 BLOCKED,"Forma bor. Uning sifati bo'yicha alohida ishlar: validatsiya (TZ-028), spam himoyasi (TZ-029), yetkazilish (TZ-068), label (REC-003)",—,Dasturchi,"TZ-028, TZ-029, TZ-068 va REC-003 qabul mezonlari bajarilgan"
TZ-009,DOCX §5 (Главная); §6.1; §12,Email obunasi va email tarqatish servisi bilan integratsiya,Majburiy (qoralama TZ),[D2] ko'rib chiqilgan ommaviy sahifalarda topilmadi,BAJARILMAGAN,P-08 (D2),"Servisni VeroLex tanlaydi. Double opt-in, obunadan chiqish havolasi va maxfiylik axborotini qo'shish. Kontent rejasi bo'lmasa, Reliz-4gacha kechiktirish mumkin",Reliz-4,Dasturchi; VeroLex; Yurist,Stagingda test manzil tasdiqlash xatini oladi; obunadan chiqish ishlaydi; servisda kontakt paydo bo'ladi
TZ-010,DOCX §5 (О компании),"Xalqaro reytinglar (Chambers, Legal 500, IFLR1000) — DOCXda “если применимо”",Kelishilmagan,[D0] tasdiqlangan reyting ma'lumoti berilmagan,TEKSHIRILMADI,—,Rasman tasdiqlangan reyting bo'lsagina joylanadi; aks holda blok qo'yilmaydi. To'qima reyting yozilmaydi,P3,VeroLex rahbariyati,"Har reyting uchun nashr nomi, yil va manba havolasi bor"
TZ-011,DOCX §5 (Экспертиза); §13 (2-band),Amaliyotlar katalogi; yakuniy yo'nalishlar ro'yxati,Majburiy (qoralama TZ); ro'yxat — Kelishilmagan,"[D2] 9 yo'nalish: korporativ, mehnat, soliq, intellektual mulk, yuridik hamrohlik, litsenziya va ruxsatnomalar, bankrotlik, oila huquqi, IT Park. DOCXdagi M&A, bank, nizolar, ko'chmas mulk va energetika — faqat misol",QISMAN BAJARILGAN,P-01 (D2),Yakuniy ro'yxatni VeroLex tasdiqlaydi; DOCXdagi misollar o'z-o'zidan qo'shilmaydi,P2,VeroLex rahbariyati,Tasdiqlangan ro'yxat saytdagi xizmat sahifalariga 1:1 mos
TZ-012,DOCX §5 (Экспертиза),Har yo'nalish uchun tavsifli alohida sahifa,Majburiy (qoralama TZ),"[D2] 9 sahifa × 3 til; title, description, H1 va Service schema bor. [D3] /ru/korporativ.html indeksda",BAJARILGAN,"P-02, P-03 (D2)",Saqlash. Matnni yurist tekshiradi (REC-008),—,—,Mavjud URL va metadata saqlanadi
TZ-013,DOCX §5 (Экспертиза),Amaliyot sahifasida tegishli keyslar,Majburiy (qoralama TZ),[D2] keyslar topilmadi,BAJARILMAGAN,P-08 (D2),TZ-014 moduli bilan bog'lash; faqat oshkor qilishga ruxsat berilgan keyslar,Reliz-4,Dasturchi; VeroLex,Har keys kamida bitta xizmatga bog'langan; ruxsat qaydi faqat ichki tizimda
TZ-014,DOCX §5 (Кейсы и проекты),"Keyslar va loyihalar: firmaning roli, soha, natija, oshkor qilish mumkin bo'lsa mijoz",Majburiy (qoralama TZ),[D2] ommaviy navigatsiya va sitemapda yo'q,BAJARILMAGAN,P-08 (D2),"Keys modeli: sarlavha, soha, xizmat, firma roli, natija, yil, mijozni ko'rsatish ruxsati (ichki). Haqiqiy keys bo'lmasa bo'lim ochilmaydi",Reliz-4,Dasturchi; VeroLex rahbariyati,Faqat ruxsat berilgan keyslar chiqadi; natija va statistika to'qilmaydi
TZ-015,DOCX §2; §5 (Новости и аналитика),"Yangiliklar, Legal Alerts va tahliliy materiallar bo'limi",Majburiy (qoralama TZ),[D2] /blog.html — 18 savol-javob (FAQ); maqola turlari yo'q. [D3] “Yuridik Blog va FAQ” indeksda,QISMAN BAJARILGAN,P-07 (D2),"Blogni “Yangiliklar va tahlil” moduliga kengaytirish (turi: yangilik / Legal Alert / tahlil / FAQ). FAQ saqlanadi, lekin bu modul bajarilganining dalili emas",Reliz-4,Dasturchi; VeroLex kontent mas'uli,Kamida 3 turdagi material yaratiladi va nashr qilinadi; mavjud FAQ URLlari saqlanadi
TZ-016,DOCX §5 (Новости и аналитика),Har material uchun alohida sahifa (URL),Majburiy (qoralama TZ),[D2] mustaqil maqola URLlari kuzatilmadi,BAJARILMAGAN,P-07 (D2),"Material sahifasi: sarlavha, sana, muallif yurist, kategoriya, matn, tegishli xizmatlar, ulashish; Article schema (TZ-057)",Reliz-4,Dasturchi,Har material o'z URLiga ega; 3 tilda hreflang; sitemapga qo'shiladi
TZ-017,DOCX §5 (Новости); §6.1,Materiallarni kategoriya va sana bo'yicha filtrlash,Majburiy (qoralama TZ),[D2] filtrlar kuzatilmadi,BAJARILMAGAN,P-07 (D2),Kategoriya va yil/oy filtri; filtr natijasi crawl tuzog'iga aylanmasligi kerak (noindex yoki canonical),Reliz-4,Dasturchi; SEO ijrochisi,Filtr ishlaydi; filtrlangan URLlar dublikat sifatida indekslanmaydi
TZ-018,DOCX §5 (Карьера),Karyera: korporativ madaniyat tavsifi,Majburiy (qoralama TZ),[D2] karyera bo'limi yo'q,BAJARILMAGAN,P-08 (D2),Vakansiyalar sahifasida “Biz bilan ishlash” bloki — faqat VeroLex bergan haqiqiy matn bilan,Reliz-3,VeroLex rahbariyati; HR,Matn VeroLex tomonidan tasdiqlangan; ochiq vakansiya bo'lmasa ham ko'rinadi
TZ-019,DOCX §5 (Контакты); §13 (1-band),Aloqa: manzil va telefon,Majburiy (qoralama TZ),[D2] aloqa sahifasida telefon bor. [D3] snippetda +998 77 143 68 88 va Abdulla Qodiriy ko'ch. 28A. [D1] README blankida ham shu ma'lumot,BAJARILGAN,P-04 (D2),Saqlash. Barcha til va sahifalarda NAP birxilligi L-08 bilan qayta tekshiriladi,—,QA,"L-08: manzil va telefon barcha sahifalarda, schema'da va lokal kartochkalarda bir xil"
TZ-020,DOCX §5 (Контакты); §4,Aloqa: email (barcha til va sahifalarda bir xil),Majburiy (qoralama TZ),[D2] UZ va EN bosh sahifada info@verolex.uz; RU bosh sahifa va ko'p RU/EN ichki sahifalarda verolexadvisory@gmail.com. [D3] snippetlarda gmail. [D1] README blankida gmail,QISMAN BAJARILGAN,P-09 (D2) FAIL; L-08 BLOCKED,"VeroLex bitta rasmiy emailni tanlaydi. HTML, tarjima lug'ati, JSON-LD va mailto havolalari birxillashtiriladi. info@verolex.uz tanlansa, uning xat qabul qilishi (MX) tekshiriladi",P1,VeroLex rahbariyati; Dasturchi,"L-08: raw HTML, render qilingan DOM va JSON-LD'da bitta email; test xati tanlangan qutiga yetadi"
TZ-021,DOCX §5 (Контакты),Aloqa: xarita,Majburiy (qoralama TZ),[D2] xarita havolalari bor; iframe hamma muhitda tekshirilmagan,QISMAN BAJARILGAN,P-04 (D2); L-17 BLOCKED,"Xarita iframe'iga title, loading=lazy va iframe yuklanmasa matnli manzil hamda xarita havolasini qo'shish",P3,Dasturchi,Xarita yuklanmasa ham manzil va havola ko'rinadi; iframe title 3 tilda
TZ-022,DOCX §5 (Контакты); §6.1,"Ijtimoiy tarmoqlar va messenjerlar havolalari (LinkedIn, Telegram va h.k.)",Majburiy (qoralama TZ),[D2] Telegram va ijtimoiy profillarga havolalar bor; LinkedIn borligi qayd etilmagan,QISMAN BAJARILGAN,P-04 (D2); L-17 BLOCKED,Barcha profil havolalarining manzili va egasini tekshirish; target=_blank uchun rel=noopener; LinkedIn sahifasi bormi — VeroLex aytadi,P3,QA; VeroLex,L-17: barcha havolalar VeroLex profillariga olib boradi; buzilgan havola yo'q
TZ-023,DOCX §5 (Политика конфиденциальности),Maxfiylik siyosati va shaxsiy ma'lumotlarni qayta ishlash haqida axborot,Majburiy (qoralama TZ),[D2] navigatsiya va formalarda maxfiylik siyosatiga havola kuzatilmadi,BAJARILMAGAN,P-11 (D2),Yurist matn tayyorlaydi (REC-015). Sahifa 3 tilda bo'ladi; footerda va har forma yonida havola beriladi,P1,Yurist; Dasturchi,Siyosat sahifasi 3 tilda; har formada havola; matnni yurist tasdiqlagan
TZ-024,DOCX §5 (Политика конфиденциальности),Cookie xabarnomasi,Majburiy (qoralama TZ),[D2] cookie xabarnomasi kuzatilmadi; sahifada Google Ads skripti bor,BAJARILMAGAN,P-11 (D2),Analitika/reklama cookie'lari uchun 3 tilli xabarnoma. Rozilik mexanizmi kerakmi — yurist hal qiladi; agar kerak bo'lsa Consent Mode,P1,Yurist; Dasturchi,Xabarnoma 3 tilda; yurist tanlagan rejimga ko'ra analitika teglari ishlaydi
TZ-025,DOCX §6.1; §8 (Совместимость),"Desktop, planshet va mobil uchun moslashuvchan verstka",Majburiy (qoralama TZ),[D2] faqat desktop brauzerda ko'rilgan,TEKSHIRILMADI,"L-11, L-12 BLOCKED","4 viewportda sinash: 1440, 768, 390 va 360 px; overflow, menyu, kesilgan matn",P2,QA,L-11: gorizontal overflow 0; kesilgan matn 0; mobil menyu ishlaydi
TZ-026,DOCX §1; §2; §6.1; §12,O'zi ishlab chiqilgan admin panel (CMS) orqali barcha bo'limlar va tillarni boshqarish,Majburiy (qoralama TZ),[D0] admin ko'rilmadi. [D1] bu repositoryda sayt kodi yo'q. PDF 5-sahifa izohi: ijrochi saytni 2.1-talabga (CMS) mos emas deb hisoblaydi,TEKSHIRILMADI,L-24 BLOCKED,"Admin demo yoki test kirishi, kod va topshirish hujjatlarini olish. Shundan keyin “mavjud panelni kengaytirish” yoki “yangi backend” qarori (VEROLEX_AUDIT.md, 5-savol)",P1 (tekshiruv),VeroLex rahbariyati; Dasturchi,"Muharrir dasturchisiz sahifa, til, meta va mediani o'zgartira oladi (demo yozuvi bilan)"
TZ-027,DOCX §6.1,Admin rollari: administrator va kontent muharriri,Majburiy (qoralama TZ),[D0],TEKSHIRILMADI,L-24 BLOCKED,Rollar va huquqlar matritsasini tekshirish; CV uchun HR roli (REC-014),P2 (tekshiruv),Dasturchi,Muharrir foydalanuvchi va sozlamalarni o'zgartira olmaydi; huquqlar test akkauntlarida tasdiqlangan
TZ-028,DOCX §6.1,Forma maydonlarini validatsiya qilish,Majburiy (qoralama TZ),[D2] forma novalidate; main.js faqat ism va telefon bo'shligini tekshiradi; telefon/email formati tekshirilmaydi; backend ko'rilmagan,QISMAN BAJARILGAN,P-12 (D2) FAIL; L-15 BLOCKED,"Frontend: telefon formati, email formati, uzunlik chegarasi, aria-invalid va xabar matni. Backend: xuddi shu qoidalar, server xatosi holati va ikki marta yuborishdan himoya",P1,Dasturchi,L-15 S1–S7: noto'g'ri qiymatlar rad etiladi; ikki marta bosilganda 1 so'rov ketadi; 500 xatoda tushunarli xabar chiqadi; server ham shu qoidalarni tekshiradi
TZ-029,DOCX §6.1; §8 (Безопасность),Formalarni spamdan himoyalash (DOCXda captcha),Majburiy (qoralama TZ),[D2] honeypot maydoni bor; captcha yo'q; server himoyasi noma'lum,QISMAN BAJARILGAN,"P-13 (D2); L-15, L-27 BLOCKED","Honeypot captcha bilan bir xil emas. Variantlar: captcha (DOCX) yoki kelishilgan muqobil — server honeypot, rate limit va vaqt tokeni. Muqobil tanlansa, bu TZ o'zgarishi deb yoziladi",P1 (tekshiruv),Dasturchi; VeroLex rahbariyati,Tanlangan himoya stagingda bot ssenariysini to'xtatadi; haqiqiy foydalanuvchi ariza yubora oladi
TZ-030,DOCX §6.1,"Sayt ichida qidiruv (yangiliklar, amaliyotlar, jamoa)",Majburiy (qoralama TZ),[D2] topilmadi,BAJARILMAGAN,P-08 (D2),"Yangiliklar va jamoa modullaridan keyin: 3 tilli qidiruv, natija sahifasi noindex",Reliz-5,Dasturchi,"Qidiruv shu tildagi xizmat, xodim va maqolani topadi; bo'sh natijada tavsiya chiqadi"
TZ-031,DOCX §6.1,Amaliyotlar va jamoa bo'limlarida filtr va saralash,Majburiy (qoralama TZ),[D2] kuzatilmadi; hozir 9 yo'nalish bor,BAJARILMAGAN,P-08 (D2),"Jamoa uchun yo'nalish bo'yicha filtr (NEW-019). Amaliyotlar 9 ta bo'lsa, filtr shart emasligini kelishish mumkin",Reliz-5,Dasturchi; VeroLex,Jamoani xizmat bo'yicha filtrlash ishlaydi
TZ-032,DOCX §6.1,Bo'limlarga PDF broshyura va taqdimot biriktirish,Majburiy (qoralama TZ),[D2] PDF material havolalari topilmadi,BAJARILMAGAN,P-08 (D2),Media kutubxonasidan faylni sahifaga biriktirish; fayl nomi va hajmi ko'rsatiladi,Reliz-5,Dasturchi,Admin faylni biriktiradi; foydalanuvchi uni yuklab oladi
TZ-033,DOCX §6.1,“Ulashish” tugmalari,Majburiy (qoralama TZ),[D0] dastlabki auditda qayd etilmagan,TEKSHIRILMADI,L-17 BLOCKED,"Material va vakansiya sahifalarida Telegram, LinkedIn va nusxa olish tugmalari; uchinchi tomon kuzatuv skriptlarisiz",Reliz-4,Dasturchi,Tugmalar to'g'ri URLni ulashadi; tashqi tracker yuklanmaydi
TZ-034,DOCX §6.1,Materiallar ko'rishlar statistikasi,Ixtiyoriy,[D0],TEKSHIRILMADI,—,Ixtiyoriy; GA4 hisobotlari yetarli bo'lishi mumkin,P3,—,Kelishilgan bo'lsa admin panelda ko'rinadi
TZ-035,DOCX §6.2,"WYSIWYG muharriri: rasm, jadval, havola",Majburiy (qoralama TZ),[D0],TEKSHIRILMADI,L-24 BLOCKED,Admin demosida tekshirish,P2 (tekshiruv),Dasturchi,Muharrir jadval va rasmli material yaratadi; HTML xavfsiz tozalanadi (XSS)
TZ-036,DOCX §6.2; PDF 2-bet §2 4- va 6-bandlar,Har sahifa va til uchun title va description'ni boshqarish,Majburiy (qoralama TZ),[D2] 36 HTML'da title va description bor hamda o'zaro noyob; admin orqali tahrir imkoniyati ko'rilmagan,QISMAN BAJARILGAN,"P-03 (D2); L-02, L-24 BLOCKED",Ommaviy natija bor. Admin orqali tahrirlashni tekshirish; yangi modullarda SEO maydonlari majburiy,P1 (tekshiruv),Dasturchi; SEO ijrochisi,SEO mutaxassisi dasturchisiz title va description'ni o'zgartiradi; o'zgarish 1 sahifa va 1 tilda aks etadi
TZ-037,DOCX §6.2; PDF 2-bet §2 6-band (ALT),"Media kutubxonasi: yuklash, saqlash, qayta ishlatish; ALT tahriri",Majburiy (qoralama TZ),[D0],TEKSHIRILMADI,L-24 BLOCKED,Admin demosida tekshirish; ALT har til uchun alohida; CV fayllar media kutubxonasiga tushmaydi (NEW-013),P2 (tekshiruv),Dasturchi,"Rasmni bir marta yuklab, bir necha sahifada ishlatish mumkin; ALT 3 tilda"
TZ-038,DOCX §6.2,Menyu tuzilmasini dasturchisiz boshqarish,Majburiy (qoralama TZ),[D0],TEKSHIRILMADI,L-24 BLOCKED,Admin demosida tekshirish; yangi menyu (NEW-002) admin orqali sozlanadi,P2 (tekshiruv),Dasturchi,"Muharrir menyu bandini qo'shadi, olib tashlaydi va tartibini o'zgartiradi; o'zgarish 3 tilda"
TZ-039,DOCX §6.2,O'zgarishlar tarixi va draftlar,Majburiy (qoralama TZ),[D0],TEKSHIRILMADI,L-24 BLOCKED,Admin demosida tekshirish,P2 (tekshiruv),Dasturchi,Draft saytda ko'rinmaydi; oldingi versiyani tiklash mumkin
TZ-040,DOCX §6.2,"Arizalarni boshqarish: ko'rish, ishlov holati, eksport",Majburiy (qoralama TZ),[D0],TEKSHIRILMADI,L-24 BLOCKED,Admin demosida tekshirish; vakansiya arizalari ham shu yerda (NEW-015),P2 (tekshiruv),Dasturchi,"Arizalar ro'yxati, holatni o'zgartirish va CSV/XLSX eksport ishlaydi; huquqi bor rol bilan cheklangan"
TZ-041,DOCX §7 (2-band); §9 (3-band); §13 (3-band),"Firma uslubi: logo, palitra, shrift — brendbuk bo'yicha yoki dizayn bosqichida ishlab chiqiladi",Kelishilmagan,"[D1] PDF 1-sahifadagi logo: “Vero” to'q ko'k, “Lex” oltin. [D1] README: “to'q ko'k/qora asos + oltin aksent”. Brendbuk berilmagan",QISMAN BAJARILGAN,"T-02, T-07 (D1)",Logoning vektor fayli va mavjud brendbukni so'rash. NEW-001 palitrasi shunga moslanadi,P2,VeroLex rahbariyati; Dizayner,Logo SVG fayli bor; ranglar va shriftlar tasdiqlangan
TZ-042,DOCX §7 (4-band),Har qanday materialgacha 2–3 klikdan oshmasligi,Majburiy (qoralama TZ),[D0] o'lchanmagan,TEKSHIRILMADI,L-09 BLOCKED,Yangi menyu (NEW-002) va ichki havolalar bilan; inventarizatsiyada klik chuqurligini hisoblash,P2,Dizayner; QA,Har sitemap URLigacha bosh sahifadan ≤3 klik
TZ-043,DOCX §7 (5-band),Tez yuklanish uchun rasm va animatsiyalarni optimallashtirish,Majburiy (qoralama TZ),[D0],TEKSHIRILMADI,"L-10, L-20 BLOCKED","Rasm hajmi, format (WebP/AVIF), width/height va lazy loading'ni o'lchash",P2,Dasturchi,L-10: rasmlarda width/height bor; ekrandan pastdagi rasmlar lazy; LCP rasmi optimallashtirilgan
TZ-044,DOCX §7 (6-band),Accessibility asoslari: o'qiladigan kontrast va alt matnlar,Majburiy (qoralama TZ),"[D2] alt bor, lekin RU/ENda o'zbekcha (TZ-002); kontrast o'lchanmagan. [D1] taklif etilgan palitra o'lchandi (T-07)",QISMAN BAJARILGAN,T-07 (D1) PASS; L-18 BLOCKED,"Joriy sayt kontrastini o'lchash; yangi dizaynda REC-013 qoidasi. Label va ARIA — REC-003, REC-004",P2,Dizayner; Dasturchi,"Oddiy matn ≥4.5:1, katta matn va UI ≥3:1; mazmunli rasmning har biri o'z tilida alt'ga ega"
TZ-045,"DOCX §1; §8 (Тип разработки, Стек); §13","Individual ishlab chiqish (frontend + backend + admin), tayyor CMSsiz; stek kelishiladi",Majburiy (qoralama TZ); stek — Kelishilmagan,[D0] stek noma'lum; .html URLlar backend yo'qligini isbotlamaydi,TEKSHIRILMADI,L-24 BLOCKED,"Pudratchidan arxitektura tavsifini, repositoryni va deploy yo'riqnomasini olish",P1 (tekshiruv),VeroLex rahbariyati,"Stek, hosting va deploy jarayoni yozma hujjatlangan"
TZ-046,DOCX §8 (Хостинг); §10; §13,Backup imkoniyati bor hosting/server,Kelishilmagan,[D0],TEKSHIRILMADI,L-25 BLOCKED,"Hosting turi, egasi va akkaunt kimning nomida ekanini aniqlash",P2 (tekshiruv),VeroLex rahbariyati; Hosting administratori,Hosting akkaunti VeroLex nomida; kirishlar VeroLex qo'lida
TZ-047,DOCX §8 (Домен),Domen,Kelishilmagan,[D2] verolex.uz ishlaydi,BAJARILGAN,P-02 (D2),Domen kimning nomida va qachongacha to'langanini tekshirish,P3,VeroLex rahbariyati,Domen VeroLex nomida; muddati nazoratda
TZ-048,DOCX §8 (Безопасность),SSL sertifikati (HTTPS),Majburiy (qoralama TZ),[D2] HTTPS sahifalari 200 qaytardi. HTTP→HTTPS va www yo'nalishi tekshirilmagan. [D3] www va wwwsiz URLlar alohida indekslangan,QISMAN BAJARILGAN,P-02 (D2); L-03 BLOCKED,HTTP→HTTPS va www↔asosiy domen uchun 301 redirectni tekshirish (REC-005); sertifikat muddatini kuzatish,P1 (tekshiruv),Dasturchi; Hosting administratori,L-03: http:// va www variantlari bitta kanonik HTTPS URLga 1 qadamda 301 bilan o'tadi
TZ-049,DOCX §8 (Безопасность),SQL injection va XSS himoyasi,Majburiy (qoralama TZ),[D0] kod yo'q; productionda hujum testi ta'qiqlangan,TEKSHIRILMADI,L-27 BLOCKED,"Manba kodini o'qish orqali tekshirish: parametrlashgan so'rovlar, chiqishni ekranlash, CSP, CSRF. Productionda exploit sinovi o'tkazilmaydi",P2 (tekshiruv; tasdiqlansa P0),Dasturchi (mustaqil reviewer),Kod tekshiruvi hisobotida yuqori xavfli topilma yo'q
TZ-050,DOCX §8 (Безопасность); §10,Muntazam backup,Majburiy (qoralama TZ),[D0],TEKSHIRILMADI,L-25 BLOCKED,"Backup jadvali, saqlash joyi va stagingda tiklash testi dalilini olish",P2 (tekshiruv),Hosting administratori,Oxirgi 30 kun ichida stagingda tiklash testi o'tgan; jadval hujjatlangan
TZ-051,DOCX §8 (Производительность),Sahifa 2–3 soniyada yuklanadi (“standart ulanishda”),Majburiy (qoralama TZ),[D0] o'lchanmagan; o'lchash sharoiti DOCXda aniqlanmagan,TEKSHIRILMADI,L-20 BLOCKED,"O'lchash sharoitini kelishish (REC-010). Bosh sahifa, xizmat va aloqa sahifalarida mobil va desktop Lighthouse 3 martadan, median olinadi",P2,QA; Dasturchi,Kelishilgan sharoitda maqsad bajariladi; lab va field ma'lumotlari alohida
TZ-052,DOCX §8 (Совместимость),"Chrome, Safari, Firefox, Edge va iOS/Android'da to'g'ri ko'rinish",Majburiy (qoralama TZ),[D2] bitta desktop brauzer. [D1] bu muhitda faqat Chromium bor,TEKSHIRILMADI,"L-21, L-22 BLOCKED",Firefox va WebKit avtomatik testlari; haqiqiy iPhone (Safari) va Android qurilmalarida qo'lda test,P2,QA,Har brauzer va qurilmada L-11–L-15 natijalari PASS
TZ-053,DOCX §8 (SEO),Toza (ЧПУ) URLlar,Majburiy (qoralama TZ),"[D2] statik o'qiladigan URLlar (masalan, /ru/korporativ.html [D3]). .html qo'shimchasi SEO nuqsoni emas",BAJARILGAN,P-02 (D2),Saqlash; yangi bo'limlar ham shu uslubda (VEROLEX_REDESIGN_TZ.md §8),—,—,Yangi URLlar o'qiladigan; parametrli dublikatlar yo'q
TZ-054,DOCX §8 (SEO),sitemap.xml,Majburiy (qoralama TZ),"[D2] HTTP 200, 39 URL; canonical bilan mosligi va lastmod tekshirilmagan",QISMAN BAJARILGAN,P-02 (D2); L-01 BLOCKED,Sitemap URLlari canonical bilan bir xil xostda va 200 qaytarishini tekshirish; yangi bo'limlar avtomatik qo'shiladi,P2,Dasturchi; SEO ijrochisi,"Sitemapdagi har URL: 200, indexable, self-canonical; GSC'da sitemap qabul qilingan"
TZ-055,DOCX §8 (SEO),robots.txt,Majburiy (qoralama TZ),[D2] HTTP 200; qoidalari tahlil qilinmagan,QISMAN BAJARILGAN,P-02 (D2); L-01 BLOCKED,Qoidalar va Sitemap qatorini tekshirish. robots.txt'dagi taqiq sahifa himoyalangani degani emas,P2,SEO ijrochisi,Muhim sahifalar bloklanmagan; Sitemap qatori to'g'ri
TZ-056,DOCX §8 (SEO),Organization schema,Majburiy (qoralama TZ),"[D2] Organization/LegalService, WebSite va WebPage bor; email birxilligi tekshirilmagan",QISMAN BAJARILGAN,P-03 (D2); L-06 BLOCKED,"JSON-LD'dagi email, telefon va manzilni TZ-020 qaroriga moslash; sintaktik tekshiruv",P2,Dasturchi,L-06: JSON-LD xatosiz; NAP ko'rinadigan matn bilan bir xil
TZ-057,DOCX §8 (SEO),Article schema,Majburiy (qoralama TZ),[D2] maqola kontenti yo'q; Article kuzatilmadi,BAJARILMAGAN,P-03 (D2),Faqat TZ-016 materiallari paydo bo'lgach qo'shiladi; FAQ sahifasiga Article qo'yilmaydi,Reliz-4,Dasturchi,"Article faqat haqiqiy material sahifasida; muallif, sana va sarlavha ko'rinadigan matnga mos"
TZ-058,DOCX §8 (SEO),Person schema,Majburiy (qoralama TZ),[D2] jamoa profillari yo'q; Person kuzatilmadi,BAJARILMAGAN,P-03 (D2),Faqat NEW-018 profillari haqiqiy ma'lumot bilan nashr qilingach qo'shiladi,Reliz-3,Dasturchi,Person faqat nashr qilingan profilda; maqom va lavozim sahifa matniga mos
TZ-059,DOCX §8 (Аналитика),Google Analytics integratsiyasi,Majburiy (qoralama TZ),"[D2] assets/js/analytics.js?v=8: GA4_ID = G-N4Z7XF5GGK, lekin hasGA4 sharti GA4_ID !== ""G-N4Z7XF5GGK"". [D1] T-08: bunday shart har doim false bo'ladi. Ehtimoliy sabab: namunaviy ID almashtirilganda solishtirish qatori ham o'zgargan",BAJARILMAGAN,P-14 (D2) FAIL; T-08 (D1) reproduksiya; L-19 BLOCKED,Shartni namunaviy qiymatni rad etuvchi tekshiruvga almashtirish. Test property yoki DebugView'da page_view va generate_lead'ni tasdiqlash,P1,Dasturchi; SEO ijrochisi,L-19: sahifada g/collect page_view so'rovi yuboriladi (testda ushlanadi); DebugView'da hodisa ko'rinadi
TZ-060,DOCX §8 (Аналитика),Yandex Metrika integratsiyasi,Majburiy (qoralama TZ) (DOCXda “GA / Яндекс.Метрика”),[D0] dastlabki auditda qayd etilmagan,TEKSHIRILMADI,L-19 BLOCKED,Metrika bor-yo'qligini tekshirish. PDF Yandex'ni ham qamraydi (SEO-018). Kerak bo'lsa yurist cookie qaroriga mos o'rnatiladi,P2,SEO ijrochisi; Dasturchi,Metrika hisoblagichi ishlaydi yoki uning yo'qligi yozma qaror bilan tasdiqlangan
TZ-061,DOCX §9 (1-band); §13 (4-band),Kontentni buyurtmachi RU tilida beradi; UZ va EN tarjimasi uchun mas'ul aniqlanadi,Kelishilmagan,[D0],TEKSHIRILMADI,—,Tarjima mas'uli va tasdiqlash tartibini belgilash (VEROLEX_CONTENT_CHECKLIST.md),P2,VeroLex rahbariyati,Har til uchun mas'ul va tasdiqlovchi ism bilan yozilgan
TZ-062,DOCX §9 (4-band),“Yangiliklar va tahlil”ni muntazam to'ldirish (davriyligini buyurtmachi belgilaydi),Kelishilmagan,[D0],TEKSHIRILMADI,—,"Kontent kalendari: davriylik, muallif yurist, tekshiruvchi",P2,VeroLex kontent mas'uli,Kalendar tasdiqlangan; birinchi 3 oy rejasi bor
TZ-063,DOCX §10 (1-band); §12,To'liq manba kodi va admin kirishlarini buyurtmachiga topshirish,Majburiy (qoralama TZ),"[D1] bu GitHub repositoryda faqat README bor, sayt kodi yo'q. Kod boshqa joyda bo'lishi mumkin",TEKSHIRILMADI,T-03 (D1); L-24 BLOCKED,"Pudratchidan repository, deploy yo'riqnomasi va admin kirishlarini olish; VeroLex nazoratidagi yopiq repositoryga joylash (REC-012)",P1 (tekshiruv),VeroLex rahbariyati,Kod VeroLex repositoryida; toza muhitda README bo'yicha build va deploy qilinadi
TZ-064,DOCX §10 (2-band); §11 (8-bosqich),Xodimlarni admin panel bilan ishlashga o'qitish; yo'riqnoma,Majburiy (qoralama TZ),[D0],TEKSHIRILMADI,—,"Yo'riqnoma va o'qitish dalillarini (sana, ishtirokchilar) olish",P2,Dasturchi; VeroLex,Yo'riqnoma bor; muharrir mustaqil sahifa yaratib ko'rsatgan
TZ-065,DOCX §10 (3-band),Topshirilgandan keyingi kafolatli qo'llab-quvvatlash,Kelishilmagan,[D0] muddat va shartlar alohida kelishiladi,TEKSHIRILMADI,—,Shartnomadagi kafolat muddati va SLA'ni aniqlash,P2,VeroLex rahbariyati,Kafolat muddati va javob vaqti yozma
TZ-066,DOCX §10 (4-band),Kafolatdan keyin pullik qo'llab-quvvatlash va takomillashtirish,Kelishilmagan,[D0],TEKSHIRILMADI,—,Kerak bo'lsa alohida kelishiladi,P3,VeroLex rahbariyati,Shartlar yozma
TZ-067,DOCX §11,"Bosqich natijalari: tasdiqlangan TZ, wireframe, 3 tilli maketlar, test serveri, test hisoboti, qabul-topshirish dalolatnomasi",Majburiy (qoralama TZ),[D0] hujjatlar taqdim etilmagan. DOCX hali qoralama,TEKSHIRILMADI,—,Mavjud bosqich hujjatlarini yig'ish; yangi ishlar uchun shu bosqichlardan foydalanish,P2,VeroLex rahbariyati,Har bosqich natijasi imzolangan yoki elektron tasdiqlangan
TZ-068,DOCX §12 (3-band); §6.1,Forma va obuna arizalari buyurtmachiga yetib boradi,Majburiy (qoralama TZ),[D0] productionga ariza yuborish ta'qiqlangan; backend ko'rilmagan,TEKSHIRILMADI,L-23 BLOCKED,Staging yoki alohida test kanalida (REC-011) end-to-end sinash; yetkazilmasa xato holatini ko'rsatish,P1 (tekshiruv; ishlamasa P0),Dasturchi; VeroLex,Test kanaliga ariza kelgani logda va qabul qiluvchida tasdiqlangan; xato bo'lsa foydalanuvchi muvaffaqiyat xabarini ko'rmaydi
TZ-069,DOCX §13 (1-band),"Kompaniyaning to'liq nomi, yuridik manzili va rekvizitlari",Kelishilmagan,"[D1] README blankida “Vero Lex Advisory” MChJ, manzil va STIR bor",QISMAN BAJARILGAN,T-03 (D1),Footer yoki aloqa sahifasi uchun rasmiy nomni va qaysi rekvizitlar ochiq ko'rsatilishini VeroLex tasdiqlaydi,P3,VeroLex rahbariyati,Rekvizitlar tasdiqlangan va 3 tilda bir xil
SEO-001,PDF 2-bet §1; 3-bet §8,"Maqsad: Yandex va Google'da birinchi sahifalar. O'ringa kafolat yo'q, faqat ishga kafolat",Kelishilmagan,"[D1] PDF: maqsad bor, lekin KPI, so'rovlar ro'yxati va boshlang'ich holat ko'rsatilmagan",TEKSHIRILMADI,T-02 (D1),"O'lchanadigan KPI kelishiladi: boshlang'ich o'rinlar, brendsiz so'rovlardan organik kirishlar, arizalar soni. Aniq o'rin kafolatlanmaydi",P1 (shartnoma),VeroLex rahbariyati; SEO ijrochisi,"KPI ro'yxati, boshlang'ich qiymati va hisob usuli imzolangan"
SEO-002,PDF 2-bet §2 1-band; 5-bet izohi,Sayt zamonaviy CMSda bo'lishi; ijrochi saytni bu talabga mos emas deb hisoblaydi va texnik tuzatishlarni buyurtmachi zimmasiga qo'yadi,Majburiy (SEO taklifi),"[D0] admin ko'rilmadi; DOCX tayyor CMS emas, o'z admin panelini talab qiladi (TZ-026)",TEKSHIRILMADI,L-24 BLOCKED,"Funksional talab sifatida qarash: SEO mutaxassisi title, description, H1, ALT va matnni o'zi o'zgartira olishi kerak. WordPressga ko'chish avtomatik majburiyat emas",P1 (tekshiruv),VeroLex rahbariyati; Dasturchi,SEO mutaxassisi test akkaunt bilan meta va matnni dasturchisiz o'zgartirgani demo qilingan
SEO-003,PDF 2-bet §2 2-band,Statik sahifa manzillari,Majburiy (SEO taklifi),[D2] statik .html URLlar,BAJARILGAN,P-02 (D2),Saqlash,—,—,Parametrli yoki sessiyali URLlar yo'q
SEO-004,PDF 2-bet §2 3-band,Navigatsiya va havolalar skript orqali qurilmagan (crawlable <a href>),Majburiy (SEO taklifi),"[D3] ichki sahifalar (masalan, /ru/korporativ.html) indeksda; raw HTML'dagi menyu havolalari bu sessiyada tekshirilmadi",TEKSHIRILMADI,"L-02, L-09 BLOCKED",Raw HTML'da menyu va xizmat havolalari haqiqiy href bilan borligini tekshirish. JS'ning o'zi SEO nuqsoni emas,P2,SEO ijrochisi; QA,L-09: barcha sitemap sahifalariga JSsiz HTML'dan havola bor; href'siz havolalar soni 0
SEO-005,PDF 2-bet §2 5-band,Bosh sahifada kamida 400 belgi matn va kalit so'zlarning “optimal” nisbati,Majburiy (SEO taklifi),[D0] belgilar soni o'lchanmagan,TEKSHIRILMADI,L-02 BLOCKED,"Hujjat talabi sifatida o'lchanadi, lekin universal mezon emas. Foydalilik, aniqlik va qidiruv niyatiga moslikni baholash; kalit so'zlarni sun'iy ko'paytirmaslik",P3,SEO ijrochisi; Yurist,"Bosh sahifa matni xizmat, hudud va afzalliklarni aniq ochadi; yurist tasdiqlagan"
SEO-006,PDF 2-bet §2 6-band,CMSda meta keywords maydonini tahrirlash,Majburiy (SEO taklifi),[D0],TEKSHIRILMADI,L-02 BLOCKED,"Hujjat talabi sifatida bajarilishi mumkin, lekin Google meta keywords'ni reytingda ishlatmaydi. Yandex bo'yicha rasmiy manba bu auditda qayta tekshirilmadi. Ustuvorligi past",P3,Dasturchi,Maydon bor (kelishilsa); boshqa SEO ishlariga bog'liq emas
SEO-007,PDF 2-bet §2 7-band,Statistika tizimlariga kirish,Majburiy (SEO taklifi),[D0],TEKSHIRILMADI,L-26 BLOCKED,"VeroLex GA4, GSC, Yandex.Webmaster va Metrika'ga ijrochiga o'qish huquqi beradi (egalik VeroLex'da qoladi)",P1,VeroLex rahbariyati,Barcha hisoblar VeroLex akkauntiga tegishli; ijrochida Viewer yoki Restricted huquq
SEO-008,PDF 2-bet §3,Kelishish uchun kalit so'zlar ro'yxati (RU),Kelishilmagan,"[D1] PDFda “ro'yxat tuzdik” deyilgan, lekin ro'yxatning o'zi ilova qilinmagan",BAJARILMAGAN,T-02 (D1),Ijrochidan ro'yxatni xizmat va URL bo'yicha taqsimlangan holda so'rash; real qidiruv hajmi manbasini ko'rsatish,P1 (shartnoma),SEO ijrochisi,Ro'yxat har so'rov uchun hajm manbasi va maqsadli URL bilan berilgan
SEO-009,PDF 2-bet §3,Tarif rejalarida “kafolatlangan o'tishlar soni”,Kelishilmagan,[D1] son va tarif nomi ko'rsatilmagan; 3-bet §8da o'ringa kafolat yo'q,TEKSHIRILMADI,T-02 (D1),"Kafolatlangan raqam, uni o'lchash usuli (GA4/Metrika, organik, brendsiz) va bajarilmasa nima bo'lishini yozma kelishish",P1 (shartnoma),VeroLex rahbariyati; SEO ijrochisi,Raqam va o'lchash usuli shartnomada
SEO-010,PDF 3-bet §5; 4-bet §9 3-band; 5-bet 6-ish,SEO matnlar yozish va kontentni optimallashtirish,Majburiy (SEO taklifi),"[D0] matnlar soni, hajmi, tili va yuridik tekshiruvi ko'rsatilmagan",TEKSHIRILMADI,—,"Oyiga nechta matn, qaysi URLlar uchun, qaysi tilda va kim tekshirishini kelishish. Yuridik matnni VeroLex yuristi tasdiqlaydi (REC-008)",P1 (shartnoma),SEO ijrochisi; Yurist,Har matn yurist tasdig'idan o'tib nashr qilinadi; reja raqamlari bajarilgan
SEO-011,PDF 3-bet §6,Oylik hisobot: mavzuli trafik va so'rovlar bo'yicha o'rinlar,Majburiy (SEO taklifi),[D0] hisobot tarkibi aniqlanmagan,TEKSHIRILMADI,—,"Hisobot tarkibi: KPI dinamikasi, o'rinlar, bajarilgan ishlar va URLlar, olingan havolalar, texnik xatolar va kimga topshirilgani, keyingi oy rejasi",P2,SEO ijrochisi,Birinchi hisobot kelishilgan shablonda topshirilgan
SEO-012,PDF 3-bet §7; 5-bet 13-ish va izoh,Pasayishda tahlil va tuzatishlar; texnik tuzatishlarni buyurtmachi kiritadi,Kelishilmagan,[D1] PDF izohi: ijrochining texnik TZ bo'yicha tuzatishlarini buyurtmachi kiritadi,TEKSHIRILMADI,T-02 (D1),"Rollarni ajratish: SEO ijrochisi topshiriq yozadi, dasturchi bajaradi, SEO ijrochisi qayta tekshiradi. Bu backlogdagi “Mas'ul” ustunida ko'rsatilgan",P1 (shartnoma),VeroLex rahbariyati,Har texnik topshiriqning ijrochisi va qayta tekshiruvchisi bor
SEO-013,PDF 4-bet §9 1-band; 5-bet 1-ish,Texnik optimizatsiya; chuqur audit va nisha tahlili,Majburiy (SEO taklifi),[D0] ijrochi auditi taqdim etilmagan. Ushbu audit uni almashtirmaydi,TEKSHIRILMADI,L-01–L-10 BLOCKED,"Ijrochining auditini ushbu backlog bilan solishtirib, takrorlarni olib tashlash",P2,SEO ijrochisi,Audit topilmalari backlog ID'lariga bog'langan
SEO-014,PDF 4-bet §9 2-band; 5-bet 4-ish,Semantik yadro va uni URLlarga taqsimlash,Kelishilmagan,[D0] hajm va taqsimot ko'rsatilmagan,TEKSHIRILMADI,—,Klasterlar (VEROLEX_AUDIT.md §7) bo'yicha yadro; har klasterga bitta asosiy URL; kannibalizatsiya yo'q. Real hajm bo'lmasa raqam yozilmaydi,P1 (shartnoma),SEO ijrochisi,"Har klasterda so'rovlar, hajm manbasi va bitta maqsadli URL"
SEO-015,PDF 4-bet §9 4-band; 5-bet 5- va 8-ishlar,"Sahifalarni optimallashtirish: meta teglar, sarlavhalar, tuzilma",Majburiy (SEO taklifi),"[D2] 36 HTMLda noyob title va description, bittadan H1; heading tartibi tekshirilmagan",QISMAN BAJARILGAN,P-03 (D2); L-02 BLOCKED,Heading ierarxiyasini tekshirish; meta'ni semantik yadroga moslash; mavjud yaxshi metadata saqlanadi,P2,SEO ijrochisi,L-02: daraja o'tkazib yuborilgan heading yo'q; title va description noyob
SEO-016,PDF 4-bet §9 5-band,Sayt tuzilmasi va navigatsiyasini yaxshilash,Majburiy (SEO taklifi),[D2] hozir 13 sahifa turi bor,QISMAN BAJARILGAN,P-01 (D2),Yangi menyu (NEW-002) va ichki havolalar (xizmat↔xodim↔material),Reliz-2,Dizayner; SEO ijrochisi,NEW-002 va TZ-042 mezonlari
SEO-017,PDF 4-bet §9 6-band,Hududiy SEO,Majburiy (SEO taklifi),[D3] Yandex Xaritalarda “Веро Лекс” kartochkasi “больше не работает” belgisi bilan chiqdi; VeroLex'ga tegishliligi tasdiqlanmagan,TEKSHIRILMADI,"T-06 (D1 yig'ilgan, D3 dalil)","Yandex Biznes, Google Business Profile va 2GIS kartochkalarini tekshirish va tasdiqlash (REC-009); LocalBusiness NAP birxilligi",P2,VeroLex; SEO ijrochisi,Har platformada bitta tasdiqlangan kartochka; NAP sayt bilan bir xil
SEO-018,PDF 4-bet §9 7-band,"Google, Yandex va Mail.ru orqali analitika: trafik, konversiya, raqobat",Majburiy (SEO taklifi),[D0] GA4 yo'li o'chiq (TZ-059); Metrika noma'lum (TZ-060),TEKSHIRILMADI,"L-19, L-26 BLOCKED","Avval TZ-059 va REC-001 tuzatiladi, keyin konversiya tahlili",P2,SEO ijrochisi,Hisobotda konversiyalar manbasi ko'rsatilgan
SEO-019,PDF 4-bet §9 8-band,Targ'ibot rus tilida va O'zbekiston hududida,Kelishilmagan,"[D1] PDF: faqat RU va O'zbekiston. Sayt esa UZ, RU va EN tillarida (DOCX §4)",TEKSHIRILMADI,T-02 (D1),UZ va EN SEO bu taklifga kirmaydi. Kerak bo'lsa alohida narx va KPI bilan kelishiladi. Uch tilli sayt uch tilli SEO xizmati degani emas,P1 (shartnoma),VeroLex rahbariyati,Shartnomada til va hudud qamrovi aniq
SEO-020,PDF 5-bet 2- va 11-ishlar,Boshlang'ich va qayta pozitsiya tahlili,Majburiy (SEO taklifi),[D0],TEKSHIRILMADI,—,"Ish boshlanishidan oldin boshlang'ich holat qayd etiladi: sana, vosita, hudud va qurilma",P1 (shartnoma),SEO ijrochisi,Boshlang'ich hisobot sanasi va metodikasi bor
SEO-021,PDF 5-bet 3-ish; DOCX §8 (Аналитика),Google Search Console va Yandex.Webmaster'ni o'rnatish va sozlash,Majburiy (SEO taklifi),[D0] tasdiqlash tegi mavjudligi ham tekshirilmagan; teg bo'lishi hisobga kirish yoki indeksatsiyani isbotlamaydi,TEKSHIRILMADI,"L-02, L-26 BLOCKED",Mulk egasi VeroLex; domen darajasida tasdiqlash; sitemap yuborish; indeks hisobotini olish,P1,VeroLex rahbariyati; SEO ijrochisi,GSC va Webmaster'da sitemap “Success”; indeks hisobotining skrinshoti yoki eksporti
SEO-022,PDF 5-bet 7-ish,AI uchun kontentni optimallashtirish,Kelishilmagan,[D1] natijasi va o'lchovi ko'rsatilmagan,TEKSHIRILMADI,T-02 (D1),"Topshiriladigan natijani aniqlash: masalan, FAQ va xizmat matnlarini aniq javoblar bilan yangilash. Google AI funksiyalari uchun maxsus majburiy schema yoki llms.txt talab qilinmaydi; AI javoblarida chiqish kafolatlanmaydi",P2 (shartnoma),SEO ijrochisi,Natija ro'yxati va qaysi URLlar o'zgargani hisobotda
SEO-023,PDF 5-bet 9-ish,Open Graph belgilari,Majburiy (SEO taklifi),[D0] dastlabki auditda qayd etilmagan,TEKSHIRILMADI,L-28 BLOCKED,"Har sahifa va tilda og:title, og:description, og:image (1200×630), og:url, og:locale",P2,Dasturchi; SEO ijrochisi,L-28: barcha sitemap sahifalarida OG to'liq; ulashish preview'i to'g'ri
SEO-024,PDF 5-bet 10-ish,Qayta indekslash,Majburiy (SEO taklifi),[D0],TEKSHIRILMADI,L-26 BLOCKED,Tuzatishlardan keyin GSC orqali sitemapni qayta yuborish va asosiy URLlarni tekshirish,P2,SEO ijrochisi,O'zgargan URLlar GSC'da qayta crawl qilingan
SEO-025,PDF 5-bet 12-ish,Tashqi optimizatsiya (linkbuilding),Kelishilmagan,"[D1] sifat mezonlari, soni va manbalari ko'rsatilmagan",TEKSHIRILMADI,T-02 (D1),"Faqat tegishli va sifatli manbalar; pullik link fermalar yo'q; har oy havolalar ro'yxati (URL, sana, turi). Qidiruv tizimi qoidalariga zid havola sotib olinmaydi",P2 (shartnoma),SEO ijrochisi; VeroLex rahbariyati,Oylik ro'yxat VeroLex tomonidan tekshiriladi
SEO-026,PDF 5-bet §10 (narx va izoh),8 000 000 so'm/oy × 3 oy = 24 000 000 so'm; texnik tuzatishlar buyurtmachi zimmasida,Kelishilmagan,[D1] PDF 5-bet,TEKSHIRILMADI,T-02 (D1),"Bu summa SEO xizmati uchun. Yangi sayt, admin panel, redizayn va texnik tuzatishlar alohida (dasturchi) byudjetda",P1 (shartnoma),VeroLex rahbariyati,"Dasturchi, SEO ijrochisi va VeroLex vazifalari va byudjetlari alohida"
NEW-001,Buyurtmachi 0.1; DOCX §7 (1- va 3-bandlar),"Jiddiy yuridik konsaltingga mos yagona dizayn tizimi: brend ranglari, ≤2 shrift oilasi, grid, oraliqlar, tugma va karta komponentlari; barcha shablonlar bir oiladek ko'rinadi","Majburiy (yangi, 2026-10-01)",[D1] T-07: #AD8A4F och fonda 2.98:1 (matn uchun FAIL); to'q ko'k fonda 5.05:1 (PASS),BAJARILMAGAN,T-07 (D1),"VEROLEX_REDESIGN_TZ.md §3–§6: tokenlar, tipografika, komponentlar. Oltin faqat aksent; och fondagi matn uchun #7A5E2E",Reliz-2,Dizayner,Dizayn tokenlari hujjatlangan; barcha juftliklar AA; 13+ shablon bitta kutubxonadan
NEW-002,Buyurtmachi 0.1; DOCX §7 (4-band); PDF 4-bet §9 5-band,"Asosiy menyu: Bosh sahifa · Xizmatlar · Biz haqimizda (Kompaniya, Jamoa) · Hamkorlar · Blog · Vakansiyalar · Aloqa; keys va yangiliklar bilan uyg'un","Majburiy (yangi, 2026-10-01)","[D2] hozirgi menyuda Hamkorlar, Jamoa va Vakansiyalar yo'q",BAJARILMAGAN,P-08 (D2),3 tildagi menyu nomlari va ichki tuzilma (REDESIGN_TZ §7). Kontenti yo'q band menyuda ko'rsatilmaydi; “Vakansiyalar” ochiq vakansiya bo'lmaganda ham ko'rinadi (bo'sh holat bilan),Reliz-2,Dizayner; Dasturchi,Menyu 3 tilda; har bandga ≤2 klik; mobil menyu klaviatura va Escape bilan ishlaydi
NEW-003,Buyurtmachi 0.1; DOCX §5 (Главная),"Birinchi ekran: aniq pozitsiya, mijozga foyda, asosiy CTA “Konsultatsiya olish”, ikkilamchi CTA “Xizmatlarni ko'rish”; ikkala tugma bir-biri bilan raqobatlashmaydi","Majburiy (yangi, 2026-10-01)",[D2] bosh sahifa bor; hero tarkibi qayd etilmagan,BAJARILMAGAN,—,REDESIGN_TZ §9.1; matnni VeroLex tasdiqlaydi; tasdiqlanmagan da'volar ishlatilmaydi (REC-007),Reliz-2,Dizayner; VeroLex,Birinchi ekranda 1 ta asosiy va 1 ta ikkilamchi CTA; 360 px kenglikda ham ikkalasi ko'rinadi
NEW-004,Buyurtmachi 0.1; DOCX §5 (Главная),Bosh sahifa ketma-ketligi: pozitsiya va CTA → xizmatlar → kompaniya haqida qisqacha → jamoa → hamkorlar → yangiliklar/tahlil → aloqa; kontenti yo'q blok ko'rsatilmaydi,"Majburiy (yangi, 2026-10-01)",[D0],BAJARILMAGAN,—,REDESIGN_TZ §9.1; har blok admin orqali yoqiladi yoki o'chiriladi,Reliz-2,Dizayner; Dasturchi,Kontentsiz blok render bo'lmaydi; ketma-ketlik admin orqali sozlanadi
NEW-005,Buyurtmachi 0.1; DOCX §9 (2-band),"Haqiqiy ofis va xodim fotosuratlari; portretlarda bir xil fon, yorug'lik va kadr nisbati; tasodifiy odamlar surati jamoa sifatida ishlatilmaydi","Majburiy (yangi, 2026-10-01)",[D0] foto materiallar berilmagan,BAJARILMAGAN,—,Fotosessiya brifi (CONTENT_CHECKLIST §6); foto yo'q bo'lsa neytral holat — bosh harflar bilan monogramma,Reliz-3,VeroLex; Fotograf,Barcha portretlar standartga mos; stok odamlar yo'q
NEW-006,Buyurtmachi 0.1; DOCX §7,"Dekor cheklovi: katta tarozi va bolg'a ikonkalari, yaltirash va uzluksiz animatsiya yo'q; qisqa hover/fokus effektlari; reduced-motion; fokus ko'rinadi","Majburiy (yangi, 2026-10-01)",[D2] alt'da “Adolat tarozisi” bor — dekorativ tarozi tasviri ishlatilgan bo'lishi mumkin,BAJARILMAGAN,L-18 BLOCKED,"REDESIGN_TZ §6. Dekorativ rasmlarga alt=""""",Reliz-2,Dizayner; Dasturchi,prefers-reduced-motion'da animatsiyalar 0; har interaktiv elementda fokus ko'rinadi
NEW-007,Buyurtmachi 0.1; DOCX §6.1,"Har shablonning desktop va mobil ko'rinishi; uzun RU/EN matn, xodim ismi va logolar joylashuvni buzmaydi","Majburiy (yangi, 2026-10-01)",[D0],BAJARILMAGAN,—,REDESIGN_TZ §9: har shablon uchun desktop va mobil wireframe tavsifi; eng uzun matnlar bilan stress-test,Reliz-2,Dizayner; QA,360–1440 px oralig'ida overflow 0; eng uzun RU sarlavha 3 qatordan oshmaydi
NEW-008,Buyurtmachi 0.1,"Mavjud URLlar, til bog'lanishlari va SEO teglari saqlanadi yoki aniq 301 rejasiga ega","Majburiy (yangi, 2026-10-01)","[D2] 39 URL, canonical va hreflang bor",BAJARILMAGAN,L-01 BLOCKED (bazaviy inventar),Redizayndan oldin to'liq inventar (site_inventory.mjs) olinadi. URL o'zgarsa 301 jadvali tuziladi; relizdan keyin qayta inventar va farqlar solishtiriladi,Reliz-2,Dasturchi; SEO ijrochisi,"Reliz oldi va keyingi inventarda 39 URL 200 yoki 301 qaytaradi; title, description va hreflang yo'qolmagan"
NEW-009,Buyurtmachi 0.2; DOCX §5 (Карьера),“Vakansiyalar” bo'limi menyuda doim ko'rinadi; RU va EN nomlari mos,"Majburiy (yangi, 2026-10-01)",[D2] karyera bo'limi yo'q,BAJARILMAGAN,P-08 (D2),UZ: Vakansiyalar; RU: Вакансии; EN: Careers. URL: /careers.html (REDESIGN_TZ §8),Reliz-3,Dasturchi,3 tilda menyu bandi va sahifa bor
NEW-010,Buyurtmachi 0.2,"Vakansiyalar ro'yxati kartasi: lavozim, yo'nalish, shahar, ish formati, bandlik turi, “Batafsil”","Majburiy (yangi, 2026-10-01)",[D0],BAJARILMAGAN,Q-01 REJA,REDESIGN_TZ §10.3,Reliz-3,Dasturchi; Dizayner,Q-01 PASS
NEW-011,Buyurtmachi 0.2,"Vakansiya sahifasi: vazifalar, talablar, tajriba, tillar, sharoit, manzil va format, e'lon sanasi, (bo'lsa) muddat, (tasdiqlangan bo'lsa) haq, “Ariza yuborish”","Majburiy (yangi, 2026-10-01)",[D0],BAJARILMAGAN,Q-02 REJA,REDESIGN_TZ §10.3; JobPosting schema faqat haqiqiy vakansiyada (REC-016),Reliz-3,Dasturchi,Q-02 PASS
NEW-012,Buyurtmachi 0.2; DOCX §5 (Карьера: форма отклика),"Ariza formasi: F.I.Sh., telefon, email, vakansiya, CV (PDF/DOCX, ≤10 MB, serverda ham tekshiriladi), ixtiyoriy izoh, ma'lumotlarni qayta ishlash axboroti","Majburiy (yangi, 2026-10-01)",[D0],BAJARILMAGAN,"Q-03, Q-04 REJA","Taklif: ruxsat etilgan MIME, kengaytma va hajm serverda; fayl tarkibi turi tekshiriladi; antivirus skaneri (bo'lsa)",Reliz-3,Dasturchi; Yurist,"Q-03, Q-04 PASS"
NEW-013,Buyurtmachi 0.2,CV va ariza ochiq media kutubxonasiga yoki indekslanadigan URLga tushmaydi; faqat vakolatli HR/administrator ko'radi,"Majburiy (yangi, 2026-10-01)",[D0],BAJARILMAGAN,Q-05 REJA,Web root'dan tashqarida yoki yopiq bucket'da saqlash; faqat avtorizatsiya orqali yuklab olish; saqlash muddati (REC-015),Reliz-3,Dasturchi,Q-05: CV URLi avtorizatsiyasiz 401/403; sitemap va robots'da yo'q
NEW-014,Buyurtmachi 0.2,"Ariza kanali (HR email yoki admin) sozlanadi; vakansiya ID, vaqt va manba sahifa saqlanadi; kutish, muvaffaqiyat, xato va takroriy bosish holatlari; muvaffaqiyat faqat qabul tasdiqlanganda","Majburiy (yangi, 2026-10-01)",[D0],BAJARILMAGAN,Q-06 REJA,Server 2xx + saqlangan yozuv ID qaytarganda success. Yetkazish xatosi foydalanuvchiga ko'rsatiladi va logga yoziladi,Reliz-3,Dasturchi; HR,Q-06 PASS; stagingdagi ariza tegishli vakansiyaga bog'langan
NEW-015,Buyurtmachi 0.2; DOCX §6.2,"Admin: vakansiyani qo'shish va tahrirlash, draft, e'lon, yopish, arxiv, 3 til; arizalarni ko'rish va ishlov holati; yopiq vakansiyaga ariza yuborilmaydi; ochiq vakansiya yo'qligida bo'sh holat","Majburiy (yangi, 2026-10-01)",[D0],BAJARILMAGAN,"Q-07, Q-08 REJA",REDESIGN_TZ §10.3 holatlar jadvali. Umumiy CV qoldirish faqat bunday qabul jarayoni haqiqatan sozlangan bo'lsa,Reliz-3,Dasturchi,"Q-07, Q-08 PASS"
NEW-016,Buyurtmachi 0.3; DOCX §5 (О компании),"Kompaniya haqida: faoliyat mohiyati, mijoz segmentlari, xizmat yo'nalishlari, ish usuli, qadriyatlar, geografiya, hamkorlik tartibi; tarix/missiya; sana va raqamlar faqat tasdiqlangan","Majburiy (yangi, 2026-10-01)",[D2] about.html bor; tarkibi qayd etilmagan. [D3] “2020-yildan” va “10+ yil” birga uchraydi,QISMAN BAJARILGAN,P-01 (D2),REDESIGN_TZ §10.1; CONTENT_CHECKLIST §1. Har raqam uchun tasdiq manbasi,Reliz-3,VeroLex rahbariyati; Dizayner,Bo'limning har bir qismi VeroLex tasdiqlagan matn bilan to'ldirilgan; tasdiqlanmagan raqam yo'q
NEW-017,Buyurtmachi 0.3; DOCX §5 (Команда),"Jamoa kartasi: F.I.Sh. va haqiqiy foto, alohida “Lavozimi” va alohida “Mutaxassisligi”; umumiy “yurist” yozuvi bilan almashtirilmaydi","Majburiy (yangi, 2026-10-01)",[D2] jamoa bo'limi yo'q,BAJARILMAGAN,Q-09 REJA,REDESIGN_TZ §10.2,Reliz-3,Dasturchi; Dizayner,Q-09: har kartada 2 maydon alohida ko'rinadi
NEW-018,Buyurtmachi 0.3; DOCX §5 (Команда),"Har xodimning o'z URLiga ega profili: qisqa bio, tasdiqlangan ta'lim va malaka, tajriba, ish tillari, xizmatlarga havolalar, e'lon qilish mumkin bo'lgan nashrlar, korporativ aloqa","Majburiy (yangi, 2026-10-01)",[D2] yo'q,BAJARILMAGAN,Q-10 REJA,URL: /team/{slug}.html (REDESIGN_TZ §8); Person schema (TZ-058),Reliz-3,Dasturchi,Q-10 PASS
NEW-019,Buyurtmachi 0.3; DOCX §6.1 (фильтрация: Команда),Profildan xizmatga o'tish va xizmat sahifasidan tegishli mutaxassisni topish,"Majburiy (yangi, 2026-10-01)",[D0],BAJARILMAGAN,Q-11 REJA,Xodim↔xizmat bog'lanishi ko'p-ko'pga; xizmat sahifasida “Mas'ul mutaxassislar” bloki,Reliz-3,Dasturchi,Q-11 PASS
NEW-020,Buyurtmachi 0.3; DOCX §4; §6.2,"Admin: xodimlar tartibi, yashirish va yangilash; ism, lavozim, ixtisos, bio va alt 3 tilda; til almashganda shu xodim profilida qolish","Majburiy (yangi, 2026-10-01)",[D0],BAJARILMAGAN,"Q-12, Q-13 REJA","Tarjimada maqom va tajriba o'zgarmasligi uchun maqom ro'yxatdan tanlanadi, erkin matn emas",Reliz-3,Dasturchi,"Q-12, Q-13 PASS"
NEW-021,Buyurtmachi 0.3,"Kasbiy maqom kompaniya bergan ma'lumot bo'yicha yoziladi, hamma xodim advokat deb atalmaydi; shaxsiy telefon va email ochiq ko'rsatilmaydi","Majburiy (yangi, 2026-10-01)",[D0],BAJARILMAGAN,Q-14 REJA,Maqom maydoni alohida; advokat maqomi faqat hujjat bilan tasdiqlansa; aloqa — faqat korporativ,Reliz-3,VeroLex rahbariyati; Dasturchi,Q-14 PASS
NEW-022,Buyurtmachi 0.4,Bosh sahifada ixcham logo bloki,"Majburiy (yangi, 2026-10-01)",[D0] hozir logo bloki bor-yo'qligi qayd etilmagan,TEKSHIRILMADI,L-11 BLOCKED,REDESIGN_TZ §10.4; faqat tasdiqlangan logolar; avtomatik karusel yo'q,Reliz-3,Dasturchi; Dizayner,Q-15 PASS
NEW-023,Buyurtmachi 0.4,"Hamkorlar sahifasi: to'liq ro'yxat; mahalliy va xorijiy kompaniyalar guruhlari; amaldagi va yakunlangan hamkorlik aniq ajratilgan; sarlavha, masalan, “Biz bilan ishlayotgan va ishlagan kompaniyalar”","Majburiy (yangi, 2026-10-01)",[D2] sitemapdagi 13 sahifa turida hamkorlar sahifasi yo'q,BAJARILMAGAN,P-01 (D2); Q-15 REJA,URL: /partners.html; menyu nomini tasdiqlash (REDESIGN_TZ §7),Reliz-3,Dasturchi; Dizayner,"Q-15, Q-16 PASS"
NEW-024,Buyurtmachi 0.4,"Kompaniya maydonlari: nom, rasmiy logo, mamlakat, mahalliy/xorijiy toifa, munosabat turi (hamkor yoki mijoz), holat (amaldagi/yakunlangan), tavsif, ixtiyoriy rasmiy sayt, tartib, nashr holati","Majburiy (yangi, 2026-10-01)",[D0],BAJARILMAGAN,Q-16 REJA,REDESIGN_TZ §10.4 ma'lumot modeli; munosabat turi noma'lum bo'lsa nashr qilinmaydi,Reliz-3,Dasturchi,Q-16 PASS
NEW-025,Buyurtmachi 0.4,"Logo ko'rinishi: yagona balandlikdagi joy, object-fit: contain, ichki bo'shliq, o'qiladigan nom va alt; rasm yuklanmasa nom ko'rinadi; mobil grid; uzluksiz yuguruvchi logolar yo'q","Majburiy (yangi, 2026-10-01)",[D0],BAJARILMAGAN,Q-17 REJA,REDESIGN_TZ §10.4,Reliz-3,Dasturchi; Dizayner,Q-17 PASS
NEW-026,Buyurtmachi 0.4,Ro'yxat ko'payganda geografiya va holat bo'yicha filtr,"Majburiy (yangi, 2026-10-01); chegara — taklif",[D0],BAJARILMAGAN,Q-18 REJA,Taklif: 24 tadan ortiq kompaniya bo'lsa filtr yoqiladi; filtrli URLlar noindex,Reliz-5,Dasturchi,Q-18 PASS
NEW-027,Buyurtmachi 0.4,Faqat VeroLex tasdiqlagan kompaniyalar va e'lon uchun berilgan logolar; ruxsat va manba haqidagi qayd ommaviy sahifaga chiqmaydi,"Majburiy (yangi, 2026-10-01)",[D0],BAJARILMAGAN,Q-19 REJA,CONTENT_CHECKLIST §4: har logo uchun ruxsat holati; admin'da ichki maydon,Reliz-3,VeroLex rahbariyati,Ruxsati tasdiqlanmagan kompaniya nashr qilinmaydi (Q-19)
NEW-028,Buyurtmachi 0.4; DOCX §6.2,"Admin: kompaniya qo'shish, logo almashtirish, geografiya, holat va munosabat turini tahrirlash, tartiblash, yashirish; 3 tilli tavsif","Majburiy (yangi, 2026-10-01)",[D0],BAJARILMAGAN,Q-20 REJA,Jamoa va vakansiyalar bilan bir xil admin patterni,Reliz-3,Dasturchi,Q-20 PASS
NEW-029,Buyurtmachi 0.5,"To'rt ish paketi (dizayn, kompaniya/jamoa, hamkorlar, vakansiyalar) umumiy CMS, lokalizatsiya va SEO talablariga bog'langan; takroriy modul yaratilmaydi","Majburiy (yangi, 2026-10-01)",[D1] VEROLEX_BACKLOG.md reliz rejasi,QISMAN BAJARILGAN,—,Arxitektura qarori TZ-026 va TZ-063 dan keyin; mavjud modul bo'lsa kengaytiriladi,Reliz-1,Dasturchi; VeroLex rahbariyati,Arxitektura hujjatida har paket uchun ma'lumot modeli va qayta ishlatiladigan komponentlar ko'rsatilgan
NEW-030,Buyurtmachi 0.5,"Kontent yig'ish jadvallari: kompaniya, xodimlar, vakansiyalar, hamkorlar; har maydon uchun holat va mas'ul","Majburiy (yangi, 2026-10-01)",[D1] VEROLEX_CONTENT_CHECKLIST.md tayyorlandi; ma'lumotlarning o'zi kelmagan,QISMAN BAJARILGAN,—,VeroLex jadvallarni to'ldiradi; yetishmagan ma'lumot to'qilmaydi,Reliz-1,VeroLex kontent mas'uli,Har majburiy maydon “bor” yoki “tasdiq kerak” holatida; mas'ul ko'rsatilgan
REC-001,Mening tavsiyam (prompt §6 doirasida),"Analitika hodisalari: page_view, generate_lead, telefon/Telegram/email bosilishi, til almashishi; ariza matni, telefon va email analitikaga yuborilmaydi",Ixtiyoriy,[D2] GA4 yo'li o'chiq (TZ-059),TEKSHIRILMADI,L-19 BLOCKED,Hodisa nomlari va parametrlarini belgilash; PII yo'qligini network tekshiruvida tasdiqlash,P1,Dasturchi; SEO ijrochisi,L-19: hodisalar DebugView'da; payloadda PII yo'q
REC-002,Mening tavsiyam; dastlabki audit A02,Google Ads konversiya usulini aniqlash (ADS_LABEL bo'sh; sahifada AW-17593861057),Ixtiyoriy,"[D2] ADS_LABEL = """"; Ads skripti DOMda bor",TEKSHIRILMADI,"L-19, L-26 BLOCKED",Ads hisobida konversiya manbasini aniqlash: GA4 import yoki bevosita label. To'g'ri yo'l testda tasdiqlanadi. Hozircha “barcha Ads konversiyalari ishlamaydi” deyish uchun asos yo'q,P1 (tekshiruv),SEO ijrochisi; Ads mas'uli,Test konversiya Ads'da “Recorded” holatida
REC-003,"Mening tavsiyam (WCAG 2.2: 1.3.1, 4.1.2); dastlabki audit A08",Forma maydonlari uchun label yoki to'g'ri accessible name,Ixtiyoriy,[D2] EN bosh sahifa formasida input va textarea uchun labels.length = 0,BAJARILMAGAN,P-15 (D2) FAIL; L-16 BLOCKED,Har maydonga ko'rinadigan <label for>; placeholder yordamchi matn sifatida qoladi; xato xabarlari aria-describedby orqali bog'lanadi,P1,Dasturchi,L-16: har maydonning accessible name'i label'dan; screen readerda maydon nomi o'qiladi
REC-004,"Mening tavsiyam (WCAG 4.1.2, 2.1.1); dastlabki audit A11","FAQ akkordeonida aria-expanded, aria-controls va klaviaturadan boshqarish",Ixtiyoriy,"[D2] ochilganda active klassi va max-height o'zgardi, lekin aria-expanded yo'q",BAJARILMAGAN,P-16 (D2) FAIL; L-14 BLOCKED,Savolni <button aria-expanded aria-controls> qilish yoki <details>/<summary>dan foydalanish; FAQPage schema saqlanadi,P2,Dasturchi,L-14: aria-expanded true/false almashadi; Enter va Space bilan ochiladi
REC-005,Mening tavsiyam,Kanonik xost: www↔wwwsiz va HTTP→HTTPS uchun bitta 301; canonical va sitemap bir xostda,Ixtiyoriy,"[D3] UZ sahifalari www.verolex.uz xostida, RU sahifalari verolex.uz xostida indekslangan",TEKSHIRILMADI,T-06 (D1 yig'ilgan); L-03 BLOCKED,Asosiy xostni tanlash (taklif: hozir canonical va sitemapda qaysi xost bo'lsa o'sha); boshqasidan 301; GSC'da tekshirish,P1 (tekshiruv),Dasturchi; SEO ijrochisi,L-03: barcha variantlar 1 qadamda kanonik URLga; GSC'da “Alternate page with proper canonical” ko'paymaydi
REC-006,Mening tavsiyam,/index.html aliaslarini bitta URLga birlashtirish (301 yoki canonical); ichki havolalarda yagona shakl,Ixtiyoriy,[D3] https://verolex.uz/ru/ va https://verolex.uz/ru/index.html alohida natija sifatida turli sarlavhalar bilan chiqdi,TEKSHIRILMADI,T-06; L-03 BLOCKED,"Bitta shaklni tanlash; ikkinchisidan 301; menyu, hreflang va sitemapda faqat tanlangan shakl",P1 (tekshiruv),Dasturchi,L-03: /ru/index.html → /ru/ (yoki aksincha) 301; hreflang va canonical bir xil
REC-007,Mening tavsiyam; dastlabki audit A13,"Marketing da'volarini tasdiqlash: “2020-yildan”, “10+ yil tajriba”, “24/7”, “100% onlayn”, “bepul konsultatsiya”, “yetakchi”",Ixtiyoriy,"[D2] “2020-yildan”, “24/7”, “100% onlayn”. [D3] snippetda “10+ yil” va “2020-yildan” birga",TEKSHIRILMADI,T-06; L-02 BLOCKED,"Har da'vo uchun manba yoki aniq ifoda: masalan, “Kompaniya 2020-yilda tashkil topgan; yuristlarimiz tajribasi — …”. Tasdiqlanmagan da'vo olib tashlanadi",P2,VeroLex rahbariyati; Yurist,Saytdagi har raqamli da'vo ro'yxatda tasdiqlangan
REC-008,Mening tavsiyam,"Yuridik kontent (FAQ, xizmatlar) uchun mas'ul yurist, “tekshirilgan sana” va LexUZ manba havolasi",Ixtiyoriy,[D2] 18 FAQ bor; muallif va sana qayd etilmagan,TEKSHIRILMADI,—,"Har FAQ va material ostida: muallif yurist, tekshirilgan sana, normativ hujjat havolasi (lex.uz). Qayta ko'rib chiqish davri — 6 oy (taklif)",P2,Yurist; VeroLex kontent mas'uli,Har yuridik javobda muallif va sana bor; muddati o'tgani ro'yxatda
REC-009,Mening tavsiyam,"Lokal kartochkalar va brend: Yandex Biznes, Google Business Profile, 2GIS; NAP birxilligi",Ixtiyoriy,[D3] Yandex Xaritalarda “Веро Лекс … больше не работает”; tegishliligi noma'lum. O'xshash nomli boshqa kompaniya (verinlex.uz) ham chiqdi,TEKSHIRILMADI,T-06,Kartochka VeroLex'niki bo'lsa — tuzatish yoki yopish; bo'lmasa — o'z kartochkasini yaratish va tasdiqlash,P2,VeroLex; SEO ijrochisi,Har platformada bitta tasdiqlangan VeroLex Advisory kartochkasi
REC-010,Mening tavsiyam (web.dev Web Vitals),"DOCXdagi “2–3 s” talabini aniqlashtirish: LCP ≤ 2.5 s, CLS ≤ 0.1, INP ≤ 200 ms (field, 75-persentil); lab va field alohida",Ixtiyoriy,[D0],TEKSHIRILMADI,L-20 BLOCKED,O'lchash sharoitini shartnomaga yozish. Oddiy Lighthouse navigatsiya testi INPni o'lchamaydi; TBT INP o'rnini bosmaydi,P2,QA; Dasturchi,Mezon va o'lchash usuli yozma
REC-011,Mening tavsiyam,"Staging muhiti va alohida test kanali (forma, CV, obuna)",Ixtiyoriy,[D0],TEKSHIRILMADI,L-23 BLOCKED,Productionga test ariza yubormaslik uchun staging va test Telegram/email kanali,P1,Dasturchi,Staging URLi noindex va parol bilan himoyalangan; test kanali sozlangan
REC-012,Mening tavsiyam,"Sayt manba kodini VeroLex nazoratidagi yopiq repositoryda saqlash; README, build va deploy hujjatlari",Ixtiyoriy,[D1] hozirgi verolexadvisory-creator/VeroLex repositoryi ochiq va faqat README'dan iborat,TEKSHIRILMADI,T-03 (D1),Kod olingach alohida private repository; sirlar repositoryga kiritilmaydi (.env),P1,VeroLex rahbariyati; Dasturchi,Private repo; toza klondan README bo'yicha ishga tushadi
REC-013,Mening tavsiyam; T-07,"Oltin rang qoidasi: #AD8A4F och fondagi matn uchun ishlatilmaydi (2.98:1); matn uchun #7A5E2E (5.60:1); to'q ko'k fonda #AD8A4F (5.05:1) yoki #C9A86A (7.19:1); oltin tugmada oq matn emas, to'q ko'k matn (5.05:1)",Ixtiyoriy,[D1] audit/evidence/05_contrast.json,TEKSHIRILMADI,T-07 (D1),NEW-001 tokenlariga kiritish; joriy sayt ranglarini L-18 bilan o'lchash,Reliz-2,Dizayner,Barcha matn juftliklari ≥4.5:1
REC-014,Mening tavsiyam,Admin rollariga HR rolini qo'shish: CV va arizalarni faqat HR va administrator ko'radi,Ixtiyoriy,[D0] DOCX'da faqat administrator va muharrir rollari bor,TEKSHIRILMADI,—,Rollar matritsasi: muharrir CVni ko'rmaydi; yuklab olishlar audit logga yoziladi,Reliz-3,Dasturchi,Muharrir akkauntida CV ochilmaydi (403)
REC-015,Mening tavsiyam,"Shaxsga doir ma'lumotlar: forma va CV ma'lumotlarini saqlash joyi, muddati, roziligi va o'chirish tartibi O'zbekiston qonunchiligiga mosligini yurist tekshiradi",Ixtiyoriy,[D0] qonun talablari LexUZ'da bu auditda tekshirilmadi,TEKSHIRILMADI,—,Yurist LexUZ bo'yicha tekshiradi (shu jumladan ma'lumotlarni saqlash joyiga oid talablar); hosting tanlovi shunga moslanadi,P1,Yurist,Yurist xulosasi sanasi bilan; siyosat matni va texnik sozlama unga mos
REC-016,Mening tavsiyam,"JobPosting va Person kabi strukturali ma'lumotlar faqat haqiqiy, ko'rinadigan kontent bilan; rich result kafolatlanmaydi",Ixtiyoriy,[D0],TEKSHIRILMADI,—,Yopilgan vakansiyadan JobPosting olib tashlanadi; validThrough to'g'ri,Reliz-3,Dasturchi,Schema faqat ko'rinadigan maydonlarga mos; yopiq vakansiyada JobPosting yo'q
