sitemap_url,final_url,status,hops,lang,title,description,h1,canonical,hreflang,robots,og_title,jsonld_types,emails_raw,emails_rendered,tag_ids,body_text_len,imgs_no_alt
[lokal]/about.html,[lokal]/about.html,200,0,uz,Biz haqimizda — VeroLex Advisory yuridik kompaniyasi,"VeroLex Advisory jamoasi, qadriyatlarimiz va ish uslubimiz haqida. Toshkentda mahalliy va xorijiy mijozlarga toʻqqizta yoʻnalishda huquqiy yordam koʻrsatamiz.",Biz Haqimizda,[lokal]/about.html,uz=[lokal]/about.html | ru=[lokal]/ru/about.html | en=[lokal]/en/about.html | x-default=[lokal]/about.html,"index, follow, max-image-preview:large, max-snippet:-1",Biz haqimizda — VeroLex Advisory yuridik kompaniyasi,LegalService | Organization | WebSite | WebPage | BreadcrumbList,verolexadvisory@gmail.com,verolexadvisory@gmail.com,AW-17593861057,3027,0
[lokal]/blog.html,[lokal]/blog.html,200,0,uz,Huquqiy savol-javoblar va maslahatlar — VeroLex Advisory,"Oʻzbekiston qonunchiligi boʻyicha eng koʻp beriladigan 18 ta savolga yuristlarimizning javoblari: biznes ochish, soliq, mehnat, bankrotlik, ajrim va meros masalalari.",Blog va Ko'p So'raladigan Savollar,[lokal]/blog.html,uz=[lokal]/blog.html | ru=[lokal]/ru/blog.html | en=[lokal]/en/blog.html | x-default=[lokal]/blog.html,"index, follow, max-image-preview:large, max-snippet:-1",Huquqiy savol-javoblar va maslahatlar — VeroLex Advisory,LegalService | Organization | WebSite | WebPage | BreadcrumbList | FAQPage,verolexadvisory@gmail.com,verolexadvisory@gmail.com,AW-17593861057,5370,0
[lokal]/contact.html,[lokal]/contact.html,200,0,uz,"Aloqa — VeroLex Advisory, Toshkent","VeroLex Advisory bilan bogʻlaning: Toshkent, Yunusobod tumani, Abdulla Qodiriy koʻchasi 28A. Telefon +998 77 143 68 88, Telegram va onlayn murojaat shakli.",Bog'lanish,[lokal]/contact.html,uz=[lokal]/contact.html | ru=[lokal]/ru/contact.html | en=[lokal]/en/contact.html | x-default=[lokal]/contact.html,"index, follow, max-image-preview:large, max-snippet:-1","Aloqa — VeroLex Advisory, Toshkent",LegalService | Organization | WebSite | WebPage | BreadcrumbList,verolexadvisory@gmail.com,verolexadvisory@gmail.com,AW-17593861057,1609,0
[lokal]/,[lokal]/,200,0,uz,Toshkentda yuridik xizmatlar — VeroLex Advisory,"VeroLex Advisory — Toshkentdagi yuridik konsalting kompaniyasi. Korporativ huquq, soliq, mehnat huquqi, bankrotlik, oila huquqi va IT Park rezidentligi boʻyicha xizmatlar. Dastlabki maslahat bepul.",Professional Yuridik Xizmatlar,[lokal]/,uz=[lokal]/ | ru=[lokal]/ru/ | en=[lokal]/en/ | x-default=[lokal]/,"index, follow, max-image-preview:large, max-snippet:-1",Toshkentda yuridik xizmatlar — VeroLex Advisory,LegalService | Organization | WebSite | WebPage,verolexadvisory@gmail.com,verolexadvisory@gmail.com,AW-17593861057,5190,0
[lokal]/intellektual-mulk.html,[lokal]/intellektual-mulk.html,200,0,uz,Tovar belgisini roʻyxatdan oʻtkazish — VeroLex Advisory,"Tovar belgisi, mualliflik huquqi, ixtiro va sanoat namunasini roʻyxatdan oʻtkazish hamda intellektual mulk huquqbuzarliklariga qarshi himoya.",Intellektual Mulk Huquqi,[lokal]/intellektual-mulk.html,uz=[lokal]/intellektual-mulk.html | ru=[lokal]/ru/intellektual-mulk.html | en=[lokal]/en/intellektual-mulk.html | x-default=[lokal]/intellektual-mulk.html,"index, follow, max-image-preview:large, max-snippet:-1",Tovar belgisini roʻyxatdan oʻtkazish — VeroLex Advisory,LegalService | Organization | WebSite | WebPage | BreadcrumbList | Service | FAQPage,verolexadvisory@gmail.com,verolexadvisory@gmail.com,AW-17593861057,4794,0
[lokal]/it-park.html,[lokal]/it-park.html,200,0,uz,IT Park rezidentligi va soliq imtiyozlari — VeroLex,"IT Park rezidentligi maqomini olish, soliq imtiyozlarini qoʻllash, eksport shartnomalari, IT Visa va dasturiy mahsulotlarni huquqiy himoya qilish.",IT Park Rezidentligi,[lokal]/it-park.html,uz=[lokal]/it-park.html | ru=[lokal]/ru/it-park.html | en=[lokal]/en/it-park.html | x-default=[lokal]/it-park.html,"index, follow, max-image-preview:large, max-snippet:-1",IT Park rezidentligi va soliq imtiyozlari — VeroLex,LegalService | Organization | WebSite | WebPage | BreadcrumbList | Service | FAQPage,verolexadvisory@gmail.com,verolexadvisory@gmail.com,AW-17593861057,5771,0
[lokal]/korporativ.html,[lokal]/korporativ.html,200,0,uz,Korporativ huquq va MChJ roʻyxatdan oʻtkazish — VeroLex,"Toshkentda kompaniya tuzish, MChJ roʻyxatdan oʻtkazish, ustav va taʼsis hujjatlari, korporativ boshqaruv, qayta tashkil etish va tugatish boʻyicha yuridik xizmatlar.",Korporativ Huquq,[lokal]/korporativ.html,uz=[lokal]/korporativ.html | ru=[lokal]/ru/korporativ.html | en=[lokal]/en/korporativ.html | x-default=[lokal]/korporativ.html,"index, follow, max-image-preview:large, max-snippet:-1",Korporativ huquq va MChJ roʻyxatdan oʻtkazish — VeroLex,LegalService | Organization | WebSite | WebPage | BreadcrumbList | Service | FAQPage,verolexadvisory@gmail.com,verolexadvisory@gmail.com,AW-17593861057,5041,0
[lokal]/litsenziya-va-ruxsatnomalar.html,[lokal]/litsenziya-va-ruxsatnomalar.html,200,0,uz,Litsenziya va ruxsatnoma olish boʻyicha yordam — VeroLex,"Litsenziya, ruxsatnoma va xabardor qilish tartib-taomillari boʻyicha toʻliq yordam. Oʻzbekiston Respublikasining OʻRQ-701-son Qonuniga muvofiq.",Litsenziya va Ruxsatnomalar,[lokal]/litsenziya-va-ruxsatnomalar.html,uz=[lokal]/litsenziya-va-ruxsatnomalar.html | ru=[lokal]/ru/litsenziya-va-ruxsatnomalar.html | en=[lokal]/en/litsenziya-va-ruxsatnomalar.html | x-default=[lokal]/litsenziya-va-ruxsatnomalar.html,"index, follow, max-image-preview:large, max-snippet:-1",Litsenziya va ruxsatnoma olish boʻyicha yordam — VeroLex,LegalService | Organization | WebSite | WebPage | BreadcrumbList | Service | FAQPage,verolexadvisory@gmail.com,verolexadvisory@gmail.com,AW-17593861057,4459,0
[lokal]/mehnat-huquqi.html,[lokal]/mehnat-huquqi.html,200,0,uz,Mehnat huquqi boʻyicha yurist Toshkentda — VeroLex,"Mehnat shartnomalari, ishdan boʻshatish, mehnat nizolari va kadrlar hujjatlari boʻyicha yordam. Oʻzbekiston Mehnat kodeksiga muvofiq huquqiy xizmatlar.",Mehnat Huquqi,[lokal]/mehnat-huquqi.html,uz=[lokal]/mehnat-huquqi.html | ru=[lokal]/ru/mehnat-huquqi.html | en=[lokal]/en/mehnat-huquqi.html | x-default=[lokal]/mehnat-huquqi.html,"index, follow, max-image-preview:large, max-snippet:-1",Mehnat huquqi boʻyicha yurist Toshkentda — VeroLex,LegalService | Organization | WebSite | WebPage | BreadcrumbList | Service | FAQPage,verolexadvisory@gmail.com,verolexadvisory@gmail.com,AW-17593861057,4445,0
[lokal]/oila-huquqi.html,[lokal]/oila-huquqi.html,200,0,uz,"Ajrim, aliment va meros boʻyicha yurist Toshkent — VeroLex","Nikohdan ajratish, er-xotin mol-mulkini boʻlish, aliment, bolalar bilan bogʻliq nizolar, meros va vasiyatnoma boʻyicha huquqiy yordam.",Oila Huquqi,[lokal]/oila-huquqi.html,uz=[lokal]/oila-huquqi.html | ru=[lokal]/ru/oila-huquqi.html | en=[lokal]/en/oila-huquqi.html | x-default=[lokal]/oila-huquqi.html,"index, follow, max-image-preview:large, max-snippet:-1","Ajrim, aliment va meros boʻyicha yurist Toshkent — VeroLex",LegalService | Organization | WebSite | WebPage | BreadcrumbList | Service | FAQPage,verolexadvisory@gmail.com,verolexadvisory@gmail.com,AW-17593861057,5587,0
[lokal]/soliq.html,[lokal]/soliq.html,200,0,uz,Soliq huquqi va soliq nizolari boʻyicha yurist — VeroLex,"Soliq rejalashtirish, hisobot, soliq tekshiruvlarida vakillik va soliq organlari qarorlari ustidan shikoyat qilish. Oʻzbekiston Soliq kodeksi asosida.",Soliq Huquqi,[lokal]/soliq.html,uz=[lokal]/soliq.html | ru=[lokal]/ru/soliq.html | en=[lokal]/en/soliq.html | x-default=[lokal]/soliq.html,"index, follow, max-image-preview:large, max-snippet:-1",Soliq huquqi va soliq nizolari boʻyicha yurist — VeroLex,LegalService | Organization | WebSite | WebPage | BreadcrumbList | Service | FAQPage,verolexadvisory@gmail.com,verolexadvisory@gmail.com,AW-17593861057,4438,0
[lokal]/tolovga-qobiliyatsizlik.html,[lokal]/tolovga-qobiliyatsizlik.html,200,0,uz,Bankrotlik va toʻlovga qobiliyatsizlik boʻyicha yurist — VeroLex,"Jismoniy va yuridik shaxslarni toʻlovga qobiliyatsiz deb topish, qarzlarni qayta tuzish, sanatsiya va kreditorlar bilan ishlash. OʻRQ-763-son Qonun asosida.",To'lovga Qobiliyatsizlik,[lokal]/tolovga-qobiliyatsizlik.html,uz=[lokal]/tolovga-qobiliyatsizlik.html | ru=[lokal]/ru/tolovga-qobiliyatsizlik.html | en=[lokal]/en/tolovga-qobiliyatsizlik.html | x-default=[lokal]/tolovga-qobiliyatsizlik.html,"index, follow, max-image-preview:large, max-snippet:-1",Bankrotlik va toʻlovga qobiliyatsizlik boʻyicha yurist — VeroLex,LegalService | Organization | WebSite | WebPage | BreadcrumbList | Service | FAQPage,verolexadvisory@gmail.com,verolexadvisory@gmail.com,AW-17593861057,5862,0
[lokal]/yuridik-hamrohlik.html,[lokal]/yuridik-hamrohlik.html,200,0,uz,Yuridik autsorsing va biznes hamrohligi — VeroLex,"Kompaniyangiz uchun doimiy yuridik xizmat: shartnomalar, ichki hujjatlar, kundalik maslahat va sudlarda vakillik. Shtatdagi yuristdan tejamliroq yechim.",Yuridik Hamrohlik,[lokal]/yuridik-hamrohlik.html,uz=[lokal]/yuridik-hamrohlik.html | ru=[lokal]/ru/yuridik-hamrohlik.html | en=[lokal]/en/yuridik-hamrohlik.html | x-default=[lokal]/yuridik-hamrohlik.html,"index, follow, max-image-preview:large, max-snippet:-1",Yuridik autsorsing va biznes hamrohligi — VeroLex,LegalService | Organization | WebSite | WebPage | BreadcrumbList | Service | FAQPage,verolexadvisory@gmail.com,verolexadvisory@gmail.com,AW-17593861057,4660,0
[lokal]/ru/about.html,[lokal]/ru/about.html,200,0,ru,О нас — юридическая компания VeroLex Advisory,"О команде VeroLex Advisory, наших ценностях и подходе к работе. В Ташкенте оказываем правовую помощь местным и иностранным клиентам по девяти направлениям.",О Нас,[lokal]/ru/about.html,uz=[lokal]/about.html | ru=[lokal]/ru/about.html | en=[lokal]/en/about.html | x-default=[lokal]/about.html,"index, follow, max-image-preview:large, max-snippet:-1",О нас — юридическая компания VeroLex Advisory,LegalService | Organization | WebSite | WebPage | BreadcrumbList,verolexadvisory@gmail.com,verolexadvisory@gmail.com,AW-17593861057,2504,0
[lokal]/ru/blog.html,[lokal]/ru/blog.html,200,0,ru,Юридические вопросы и ответы — VeroLex Advisory,"Ответы наших юристов на 18 самых частых вопросов по законодательству Узбекистана: открытие бизнеса, налоги, труд, банкротство, развод и наследство.",Блог и Часто Задаваемые Вопросы,[lokal]/ru/blog.html,uz=[lokal]/blog.html | ru=[lokal]/ru/blog.html | en=[lokal]/en/blog.html | x-default=[lokal]/blog.html,"index, follow, max-image-preview:large, max-snippet:-1",Юридические вопросы и ответы — VeroLex Advisory,LegalService | Organization | WebSite | WebPage | BreadcrumbList | FAQPage,verolexadvisory@gmail.com,verolexadvisory@gmail.com,AW-17593861057,4925,0
[lokal]/ru/contact.html,[lokal]/ru/contact.html,200,0,ru,"Контакты — VeroLex Advisory, Ташкент","Свяжитесь с VeroLex Advisory: Ташкент, Юнусабадский район, улица Абдуллы Кадыри 28А. Телефон +998 77 143 68 88, Telegram и онлайн-форма обращения.",Контакты,[lokal]/ru/contact.html,uz=[lokal]/contact.html | ru=[lokal]/ru/contact.html | en=[lokal]/en/contact.html | x-default=[lokal]/contact.html,"index, follow, max-image-preview:large, max-snippet:-1","Контакты — VeroLex Advisory, Ташкент",LegalService | Organization | WebSite | WebPage | BreadcrumbList,verolexadvisory@gmail.com,verolexadvisory@gmail.com,AW-17593861057,1602,0
[lokal]/ru/,[lokal]/ru/,200,0,ru,Юридические услуги в Ташкенте — VeroLex Advisory,"VeroLex Advisory — юридическая консалтинговая компания в Ташкенте. Корпоративное право, налоги, трудовое право, банкротство, семейное право и резидентство IT Park. Первичная консультация бесплатно.",Профессиональные Юридические Услуги,[lokal]/ru/,uz=[lokal]/ | ru=[lokal]/ru/ | en=[lokal]/en/ | x-default=[lokal]/,"index, follow, max-image-preview:large, max-snippet:-1",Юридические услуги в Ташкенте — VeroLex Advisory,LegalService | Organization | WebSite | WebPage,verolexadvisory@gmail.com,verolexadvisory@gmail.com,AW-17593861057,4740,0
[lokal]/ru/intellektual-mulk.html,[lokal]/ru/intellektual-mulk.html,200,0,ru,Регистрация товарного знака в Узбекистане — VeroLex,"Регистрация товарного знака, авторского права, изобретений и промышленных образцов, а также защита от нарушений прав интеллектуальной собственности.",Право Интеллектуальной Собственности,[lokal]/ru/intellektual-mulk.html,uz=[lokal]/intellektual-mulk.html | ru=[lokal]/ru/intellektual-mulk.html | en=[lokal]/en/intellektual-mulk.html | x-default=[lokal]/intellektual-mulk.html,"index, follow, max-image-preview:large, max-snippet:-1",Регистрация товарного знака в Узбекистане — VeroLex,LegalService | Organization | WebSite | WebPage | BreadcrumbList | Service | FAQPage,verolexadvisory@gmail.com,verolexadvisory@gmail.com,AW-17593861057,4568,0
[lokal]/ru/it-park.html,[lokal]/ru/it-park.html,200,0,ru,Резидентство IT Park и налоговые льготы — VeroLex,"Получение статуса резидента IT Park, применение налоговых льгот, экспортные контракты, IT Visa и правовая защита программных продуктов.",Резидентство IT Park,[lokal]/ru/it-park.html,uz=[lokal]/it-park.html | ru=[lokal]/ru/it-park.html | en=[lokal]/en/it-park.html | x-default=[lokal]/it-park.html,"index, follow, max-image-preview:large, max-snippet:-1",Резидентство IT Park и налоговые льготы — VeroLex,LegalService | Organization | WebSite | WebPage | BreadcrumbList | Service | FAQPage,verolexadvisory@gmail.com,verolexadvisory@gmail.com,AW-17593861057,5557,0
[lokal]/ru/korporativ.html,[lokal]/ru/korporativ.html,200,0,ru,Корпоративное право и регистрация ООО — VeroLex,"Создание компании в Ташкенте, регистрация ООО, устав и учредительные документы, корпоративное управление, реорганизация и ликвидация.",Корпоративное Право,[lokal]/ru/korporativ.html,uz=[lokal]/korporativ.html | ru=[lokal]/ru/korporativ.html | en=[lokal]/en/korporativ.html | x-default=[lokal]/korporativ.html,"index, follow, max-image-preview:large, max-snippet:-1",Корпоративное право и регистрация ООО — VeroLex,LegalService | Organization | WebSite | WebPage | BreadcrumbList | Service | FAQPage,verolexadvisory@gmail.com,verolexadvisory@gmail.com,AW-17593861057,4826,0
[lokal]/ru/litsenziya-va-ruxsatnomalar.html,[lokal]/ru/litsenziya-va-ruxsatnomalar.html,200,0,ru,Получение лицензий и разрешений в Узбекистане — VeroLex,"Полное сопровождение лицензионных, разрешительных и уведомительных процедур в соответствии с Законом Республики Узбекистан № ЗРУ-701.",Лицензии и Разрешения,[lokal]/ru/litsenziya-va-ruxsatnomalar.html,uz=[lokal]/litsenziya-va-ruxsatnomalar.html | ru=[lokal]/ru/litsenziya-va-ruxsatnomalar.html | en=[lokal]/en/litsenziya-va-ruxsatnomalar.html | x-default=[lokal]/litsenziya-va-ruxsatnomalar.html,"index, follow, max-image-preview:large, max-snippet:-1",Получение лицензий и разрешений в Узбекистане — VeroLex,LegalService | Organization | WebSite | WebPage | BreadcrumbList | Service | FAQPage,verolexadvisory@gmail.com,verolexadvisory@gmail.com,AW-17593861057,4254,0
[lokal]/ru/mehnat-huquqi.html,[lokal]/ru/mehnat-huquqi.html,200,0,ru,Юрист по трудовому праву в Ташкенте — VeroLex,"Помощь по трудовым договорам, увольнениям, трудовым спорам и кадровым документам в соответствии с Трудовым кодексом Узбекистана.",Трудовое Право,[lokal]/ru/mehnat-huquqi.html,uz=[lokal]/mehnat-huquqi.html | ru=[lokal]/ru/mehnat-huquqi.html | en=[lokal]/en/mehnat-huquqi.html | x-default=[lokal]/mehnat-huquqi.html,"index, follow, max-image-preview:large, max-snippet:-1",Юрист по трудовому праву в Ташкенте — VeroLex,LegalService | Organization | WebSite | WebPage | BreadcrumbList | Service | FAQPage,verolexadvisory@gmail.com,verolexadvisory@gmail.com,AW-17593861057,4465,0
[lokal]/ru/oila-huquqi.html,[lokal]/ru/oila-huquqi.html,200,0,ru,"Юрист по разводу, алиментам и наследству — VeroLex","Расторжение брака, раздел имущества супругов, алименты, споры о детях, наследство и завещание — правовая помощь в Ташкенте.",Семейное Право,[lokal]/ru/oila-huquqi.html,uz=[lokal]/oila-huquqi.html | ru=[lokal]/ru/oila-huquqi.html | en=[lokal]/en/oila-huquqi.html | x-default=[lokal]/oila-huquqi.html,"index, follow, max-image-preview:large, max-snippet:-1","Юрист по разводу, алиментам и наследству — VeroLex",LegalService | Organization | WebSite | WebPage | BreadcrumbList | Service | FAQPage,verolexadvisory@gmail.com,verolexadvisory@gmail.com,AW-17593861057,5429,0
[lokal]/ru/soliq.html,[lokal]/ru/soliq.html,200,0,ru,Юрист по налоговому праву и налоговым спорам — VeroLex,"Налоговое планирование, отчётность, представительство при проверках и обжалование решений налоговых органов на основании Налогового кодекса Узбекистана.",Налоговое Право,[lokal]/ru/soliq.html,uz=[lokal]/soliq.html | ru=[lokal]/ru/soliq.html | en=[lokal]/en/soliq.html | x-default=[lokal]/soliq.html,"index, follow, max-image-preview:large, max-snippet:-1",Юрист по налоговому праву и налоговым спорам — VeroLex,LegalService | Organization | WebSite | WebPage | BreadcrumbList | Service | FAQPage,verolexadvisory@gmail.com,verolexadvisory@gmail.com,AW-17593861057,4258,0
[lokal]/ru/tolovga-qobiliyatsizlik.html,[lokal]/ru/tolovga-qobiliyatsizlik.html,200,0,ru,Юрист по банкротству и неплатёжеспособности — VeroLex,"Признание физических и юридических лиц неплатёжеспособными, реструктуризация долгов, санация и работа с кредиторами на основании Закона № ЗРУ-763.",Неплатёжеспособность,[lokal]/ru/tolovga-qobiliyatsizlik.html,uz=[lokal]/tolovga-qobiliyatsizlik.html | ru=[lokal]/ru/tolovga-qobiliyatsizlik.html | en=[lokal]/en/tolovga-qobiliyatsizlik.html | x-default=[lokal]/tolovga-qobiliyatsizlik.html,"index, follow, max-image-preview:large, max-snippet:-1",Юрист по банкротству и неплатёжеспособности — VeroLex,LegalService | Organization | WebSite | WebPage | BreadcrumbList | Service | FAQPage,verolexadvisory@gmail.com,verolexadvisory@gmail.com,AW-17593861057,5608,0
[lokal]/ru/yuridik-hamrohlik.html,[lokal]/ru/yuridik-hamrohlik.html,200,0,ru,Юридический аутсорсинг и сопровождение бизнеса — VeroLex,"Постоянное юридическое обслуживание компании: договоры, внутренние документы, ежедневные консультации и представительство в судах.",Юридическое Сопровождение,[lokal]/ru/yuridik-hamrohlik.html,uz=[lokal]/yuridik-hamrohlik.html | ru=[lokal]/ru/yuridik-hamrohlik.html | en=[lokal]/en/yuridik-hamrohlik.html | x-default=[lokal]/yuridik-hamrohlik.html,"index, follow, max-image-preview:large, max-snippet:-1",Юридический аутсорсинг и сопровождение бизнеса — VeroLex,LegalService | Organization | WebSite | WebPage | BreadcrumbList | Service | FAQPage,verolexadvisory@gmail.com,verolexadvisory@gmail.com,AW-17593861057,4683,0
[lokal]/en/about.html,[lokal]/en/about.html,200,0,en,About Us — VeroLex Advisory Law Firm,"About the VeroLex Advisory team, our values and approach. We serve local and international clients in Tashkent across nine practice areas.",About Us,[lokal]/en/about.html,uz=[lokal]/about.html | ru=[lokal]/ru/about.html | en=[lokal]/en/about.html | x-default=[lokal]/about.html,"index, follow, max-image-preview:large, max-snippet:-1",About Us — VeroLex Advisory Law Firm,LegalService | Organization | WebSite | WebPage | BreadcrumbList,verolexadvisory@gmail.com,verolexadvisory@gmail.com,AW-17593861057,2284,0
[lokal]/en/blog.html,[lokal]/en/blog.html,200,0,en,Legal Questions and Answers — VeroLex Advisory,"Our lawyers answer the 18 most common questions on Uzbek law: starting a business, taxes, employment, insolvency, divorce and inheritance.",Blog & FAQ,[lokal]/en/blog.html,uz=[lokal]/blog.html | ru=[lokal]/ru/blog.html | en=[lokal]/en/blog.html | x-default=[lokal]/blog.html,"index, follow, max-image-preview:large, max-snippet:-1",Legal Questions and Answers — VeroLex Advisory,LegalService | Organization | WebSite | WebPage | BreadcrumbList | FAQPage,verolexadvisory@gmail.com,verolexadvisory@gmail.com,AW-17593861057,4349,0
[lokal]/en/contact.html,[lokal]/en/contact.html,200,0,en,"Contact — VeroLex Advisory, Tashkent","Contact VeroLex Advisory: 28A Abdulla Qodiriy Street, Yunusabad district, Tashkent. Phone +998 77 143 68 88, Telegram and an online enquiry form.",Contact Us,[lokal]/en/contact.html,uz=[lokal]/contact.html | ru=[lokal]/ru/contact.html | en=[lokal]/en/contact.html | x-default=[lokal]/contact.html,"index, follow, max-image-preview:large, max-snippet:-1","Contact — VeroLex Advisory, Tashkent",LegalService | Organization | WebSite | WebPage | BreadcrumbList,verolexadvisory@gmail.com,verolexadvisory@gmail.com,AW-17593861057,1369,0
[lokal]/en/,[lokal]/en/,200,0,en,Legal Services in Tashkent — VeroLex Advisory,"VeroLex Advisory is a legal consulting firm in Tashkent. Corporate, tax, labour, insolvency and family law, plus IT Park residency. Initial consultation is free.",Professional Legal Services,[lokal]/en/,uz=[lokal]/ | ru=[lokal]/ru/ | en=[lokal]/en/ | x-default=[lokal]/,"index, follow, max-image-preview:large, max-snippet:-1",Legal Services in Tashkent — VeroLex Advisory,LegalService | Organization | WebSite | WebPage,verolexadvisory@gmail.com,verolexadvisory@gmail.com,AW-17593861057,4135,0
[lokal]/en/intellektual-mulk.html,[lokal]/en/intellektual-mulk.html,200,0,en,Trademark Registration in Uzbekistan — VeroLex,"Registration of trademarks, copyright, inventions and industrial designs, plus protection against intellectual property infringement.",Intellectual Property Law,[lokal]/en/intellektual-mulk.html,uz=[lokal]/intellektual-mulk.html | ru=[lokal]/ru/intellektual-mulk.html | en=[lokal]/en/intellektual-mulk.html | x-default=[lokal]/intellektual-mulk.html,"index, follow, max-image-preview:large, max-snippet:-1",Trademark Registration in Uzbekistan — VeroLex,LegalService | Organization | WebSite | WebPage | BreadcrumbList | Service | FAQPage,verolexadvisory@gmail.com,verolexadvisory@gmail.com,AW-17593861057,4093,0
[lokal]/en/it-park.html,[lokal]/en/it-park.html,200,0,en,IT Park Residency and Tax Incentives — VeroLex,"Obtaining IT Park resident status, applying tax incentives, export contracts, IT Visa and legal protection of software products.",IT Park Residency,[lokal]/en/it-park.html,uz=[lokal]/it-park.html | ru=[lokal]/ru/it-park.html | en=[lokal]/en/it-park.html | x-default=[lokal]/it-park.html,"index, follow, max-image-preview:large, max-snippet:-1",IT Park Residency and Tax Incentives — VeroLex,LegalService | Organization | WebSite | WebPage | BreadcrumbList | Service | FAQPage,verolexadvisory@gmail.com,verolexadvisory@gmail.com,AW-17593861057,5162,0
[lokal]/en/korporativ.html,[lokal]/en/korporativ.html,200,0,en,Corporate Law and Company Registration — VeroLex,"Company formation in Tashkent, LLC registration, charters and constitutive documents, corporate governance, reorganisation and liquidation.",Corporate Law,[lokal]/en/korporativ.html,uz=[lokal]/korporativ.html | ru=[lokal]/ru/korporativ.html | en=[lokal]/en/korporativ.html | x-default=[lokal]/korporativ.html,"index, follow, max-image-preview:large, max-snippet:-1",Corporate Law and Company Registration — VeroLex,LegalService | Organization | WebSite | WebPage | BreadcrumbList | Service | FAQPage,verolexadvisory@gmail.com,verolexadvisory@gmail.com,AW-17593861057,4415,0
[lokal]/en/litsenziya-va-ruxsatnomalar.html,[lokal]/en/litsenziya-va-ruxsatnomalar.html,200,0,en,Licences and Permits in Uzbekistan — VeroLex,"Full support with licensing, permit and notification procedures under Law No. ZRU-701 of the Republic of Uzbekistan.",Licenses and Permits,[lokal]/en/litsenziya-va-ruxsatnomalar.html,uz=[lokal]/litsenziya-va-ruxsatnomalar.html | ru=[lokal]/ru/litsenziya-va-ruxsatnomalar.html | en=[lokal]/en/litsenziya-va-ruxsatnomalar.html | x-default=[lokal]/litsenziya-va-ruxsatnomalar.html,"index, follow, max-image-preview:large, max-snippet:-1",Licences and Permits in Uzbekistan — VeroLex,LegalService | Organization | WebSite | WebPage | BreadcrumbList | Service | FAQPage,verolexadvisory@gmail.com,verolexadvisory@gmail.com,AW-17593861057,3960,0
[lokal]/en/mehnat-huquqi.html,[lokal]/en/mehnat-huquqi.html,200,0,en,Employment Law Solicitor in Tashkent — VeroLex,"Support with employment contracts, dismissals, labour disputes and HR documentation under the Labour Code of Uzbekistan.",Labor Law,[lokal]/en/mehnat-huquqi.html,uz=[lokal]/mehnat-huquqi.html | ru=[lokal]/ru/mehnat-huquqi.html | en=[lokal]/en/mehnat-huquqi.html | x-default=[lokal]/mehnat-huquqi.html,"index, follow, max-image-preview:large, max-snippet:-1",Employment Law Solicitor in Tashkent — VeroLex,LegalService | Organization | WebSite | WebPage | BreadcrumbList | Service | FAQPage,verolexadvisory@gmail.com,verolexadvisory@gmail.com,AW-17593861057,3912,0
[lokal]/en/oila-huquqi.html,[lokal]/en/oila-huquqi.html,200,0,en,"Divorce, Alimony and Inheritance Lawyer — VeroLex","Divorce, division of marital property, alimony, child disputes, inheritance and wills — legal assistance in Tashkent.",Family Law,[lokal]/en/oila-huquqi.html,uz=[lokal]/oila-huquqi.html | ru=[lokal]/ru/oila-huquqi.html | en=[lokal]/en/oila-huquqi.html | x-default=[lokal]/oila-huquqi.html,"index, follow, max-image-preview:large, max-snippet:-1","Divorce, Alimony and Inheritance Lawyer — VeroLex",LegalService | Organization | WebSite | WebPage | BreadcrumbList | Service | FAQPage,verolexadvisory@gmail.com,verolexadvisory@gmail.com,AW-17593861057,5066,0
[lokal]/en/soliq.html,[lokal]/en/soliq.html,200,0,en,Tax Law and Tax Disputes Lawyer — VeroLex,"Tax planning, reporting, representation during audits and appeals against tax authority decisions under the Tax Code of Uzbekistan.",Tax Law,[lokal]/en/soliq.html,uz=[lokal]/soliq.html | ru=[lokal]/ru/soliq.html | en=[lokal]/en/soliq.html | x-default=[lokal]/soliq.html,"index, follow, max-image-preview:large, max-snippet:-1",Tax Law and Tax Disputes Lawyer — VeroLex,LegalService | Organization | WebSite | WebPage | BreadcrumbList | Service | FAQPage,verolexadvisory@gmail.com,verolexadvisory@gmail.com,AW-17593861057,3689,0
[lokal]/en/tolovga-qobiliyatsizlik.html,[lokal]/en/tolovga-qobiliyatsizlik.html,200,0,en,Insolvency and Bankruptcy Lawyer — VeroLex,"Declaring individuals and companies insolvent, restructuring debts, rehabilitation and creditor work under Law No. ZRU-763.",Insolvency,[lokal]/en/tolovga-qobiliyatsizlik.html,uz=[lokal]/tolovga-qobiliyatsizlik.html | ru=[lokal]/ru/tolovga-qobiliyatsizlik.html | en=[lokal]/en/tolovga-qobiliyatsizlik.html | x-default=[lokal]/tolovga-qobiliyatsizlik.html,"index, follow, max-image-preview:large, max-snippet:-1",Insolvency and Bankruptcy Lawyer — VeroLex,LegalService | Organization | WebSite | WebPage | BreadcrumbList | Service | FAQPage,verolexadvisory@gmail.com,verolexadvisory@gmail.com,AW-17593861057,5043,0
[lokal]/en/yuridik-hamrohlik.html,[lokal]/en/yuridik-hamrohlik.html,200,0,en,Legal Outsourcing and Business Support — VeroLex,"Ongoing legal support for your company: contracts, internal documents, daily advice and court representation.",Legal Outsourcing,[lokal]/en/yuridik-hamrohlik.html,uz=[lokal]/yuridik-hamrohlik.html | ru=[lokal]/ru/yuridik-hamrohlik.html | en=[lokal]/en/yuridik-hamrohlik.html | x-default=[lokal]/yuridik-hamrohlik.html,"index, follow, max-image-preview:large, max-snippet:-1",Legal Outsourcing and Business Support — VeroLex,LegalService | Organization | WebSite | WebPage | BreadcrumbList | Service | FAQPage,verolexadvisory@gmail.com,verolexadvisory@gmail.com,AW-17593861057,4175,0
